-- phpMyAdmin SQL Dump
-- version 5.0.4
-- https://www.phpmyadmin.net/
--
-- Servidor: localhost
-- Tiempo de generación: 05-10-2021 a las 21:25:15
-- Versión del servidor: 10.4.17-MariaDB
-- Versión de PHP: 8.0.2

SET SQL_MODE = "NO_AUTO_VALUE_ON_ZERO";
START TRANSACTION;
SET time_zone = "+00:00";


/*!40101 SET @OLD_CHARACTER_SET_CLIENT=@@CHARACTER_SET_CLIENT */;
/*!40101 SET @OLD_CHARACTER_SET_RESULTS=@@CHARACTER_SET_RESULTS */;
/*!40101 SET @OLD_COLLATION_CONNECTION=@@COLLATION_CONNECTION */;
/*!40101 SET NAMES utf8mb4 */;

--
-- Base de datos: `bapp36615_bappnetwork`
--

-- --------------------------------------------------------

--
-- Estructura de tabla para la tabla `agendamientos`
--

CREATE TABLE `agendamientos` (
  `id` bigint(20) UNSIGNED NOT NULL,
  `codificacion_id` bigint(20) UNSIGNED NOT NULL,
  `horario_plan` bigint(20) UNSIGNED NOT NULL,
  `usuario_id` bigint(20) UNSIGNED NOT NULL,
  `tipo` varchar(255) COLLATE utf8mb4_unicode_ci NOT NULL,
  `fecha_inicio` datetime NOT NULL,
  `fecha_fin` datetime NOT NULL,
  `tipo_fecha` tinyint(4) NOT NULL,
  `created_at` timestamp NULL DEFAULT NULL,
  `updated_at` timestamp NULL DEFAULT NULL
) ENGINE=InnoDB DEFAULT CHARSET=utf8mb4 COLLATE=utf8mb4_unicode_ci;

--
-- Volcado de datos para la tabla `agendamientos`
--

INSERT INTO `agendamientos` (`id`, `codificacion_id`, `horario_plan`, `usuario_id`, `tipo`, `fecha_inicio`, `fecha_fin`, `tipo_fecha`, `created_at`, `updated_at`) VALUES
(4, 502, 4, 1, 'ZARPE', '2020-09-14 00:00:00', '2020-09-14 00:00:00', 1, '2020-09-13 03:09:26', '2020-09-13 03:09:26'),
(5, 502, 4, 1, 'ZARPE', '2020-09-16 00:00:00', '2020-09-16 00:00:00', 1, '2020-09-13 03:09:26', '2020-09-13 03:09:26'),
(6, 502, 4, 1, 'ZARPE', '2020-09-15 00:00:00', '2020-09-15 00:00:00', 1, '2020-09-13 03:09:26', '2020-09-13 03:09:26'),
(7, 502, 4, 1, 'ZARPE', '2020-09-17 00:00:00', '2020-09-17 00:00:00', 1, '2020-09-13 03:09:26', '2020-09-13 03:09:26'),
(9, 502, 4, 1, 'ZARPE', '2020-09-28 00:00:00', '2020-09-28 00:00:00', 1, '2020-09-13 03:09:27', '2020-09-13 03:09:27'),
(10, 502, 4, 1, 'ZARPE', '2020-09-29 00:00:00', '2020-09-29 00:00:00', 1, '2020-09-13 03:09:27', '2020-09-13 03:09:27'),
(11, 502, 4, 1, 'ZARPE', '2020-09-30 00:00:00', '2020-09-30 00:00:00', 1, '2020-09-13 03:09:27', '2020-09-13 03:09:27'),
(12, 502, 4, 1, 'ZARPE', '2020-10-01 00:00:00', '2020-10-01 00:00:00', 1, '2020-09-13 03:09:27', '2020-09-13 03:09:27'),
(13, 502, 4, 1, 'ZARPE', '2020-10-02 00:00:00', '2020-10-02 00:00:00', 1, '2020-09-13 03:09:28', '2020-09-13 03:09:28'),
(14, 932, 4, 1, 'RECOGIDA', '2020-10-12 00:00:00', '2020-10-12 00:00:00', 1, '2020-10-08 23:36:02', '2020-10-08 23:36:02'),
(15, 932, 4, 1, 'RECOGIDA', '2020-10-13 00:00:00', '2020-10-13 00:00:00', 1, '2020-10-08 23:36:02', '2020-10-08 23:36:02'),
(16, 932, 4, 1, 'RECOGIDA', '2020-10-14 00:00:00', '2020-10-14 00:00:00', 1, '2020-10-08 23:36:02', '2020-10-08 23:36:02'),
(17, 932, 4, 1, 'RECOGIDA', '2020-10-15 00:00:00', '2020-10-15 00:00:00', 1, '2020-10-08 23:36:02', '2020-10-08 23:36:02'),
(18, 932, 4, 1, 'RECOGIDA', '2020-10-16 00:00:00', '2020-10-16 00:00:00', 1, '2020-10-08 23:36:02', '2020-10-08 23:36:02'),
(19, 932, 4, 1, 'RECOGIDA', '2020-10-19 00:00:00', '2020-10-19 00:00:00', 1, '2020-10-08 23:36:02', '2020-10-08 23:36:02'),
(20, 932, 4, 1, 'RECOGIDA', '2020-10-20 00:00:00', '2020-10-20 00:00:00', 1, '2020-10-08 23:36:02', '2020-10-08 23:36:02'),
(21, 932, 4, 1, 'RECOGIDA', '2020-10-21 00:00:00', '2020-10-21 00:00:00', 1, '2020-10-08 23:36:02', '2020-10-08 23:36:02'),
(22, 932, 4, 1, 'RECOGIDA', '2020-10-22 00:00:00', '2020-10-22 00:00:00', 1, '2020-10-08 23:36:02', '2020-10-08 23:36:02'),
(24, 501, 6, 1, 'ZARPE', '2020-10-15 22:00:00', '2020-10-15 22:00:00', 1, '2020-10-15 00:18:27', '2020-10-15 00:18:27'),
(25, 501, 6, 1, 'ZARPE', '2020-10-16 22:00:00', '2020-10-16 22:00:00', 1, '2020-10-15 00:18:27', '2020-10-15 00:18:27'),
(26, 501, 5, 1, 'RECOGIDA', '2020-10-15 01:00:00', '2020-10-15 01:00:00', 1, '2020-10-15 00:18:47', '2020-10-15 00:18:47'),
(27, 501, 4, 1, 'ZARPE', '2020-10-15 00:00:00', '2020-10-15 00:00:00', 1, '2020-10-15 00:19:04', '2020-10-15 00:19:04'),
(28, 563, 4, 1, 'ZARPE', '2020-10-15 00:00:00', '2020-10-15 00:00:00', 1, '2020-10-15 00:39:52', '2020-10-15 00:39:52'),
(29, 563, 4, 1, 'ZARPE', '2020-10-29 00:00:00', '2020-10-29 00:00:00', 1, '2020-10-15 00:39:52', '2020-10-15 00:39:52'),
(30, 563, 4, 1, 'ZARPE', '2020-10-20 00:00:00', '2020-10-20 00:00:00', 1, '2020-10-15 00:39:52', '2020-10-15 00:39:52'),
(31, 563, 4, 1, 'ZARPE', '2020-11-02 00:00:00', '2020-11-02 00:00:00', 1, '2020-10-15 00:39:52', '2020-10-15 00:39:52'),
(32, 563, 4, 1, 'ZARPE', '2020-10-23 00:00:00', '2020-10-23 00:00:00', 1, '2020-10-15 00:39:52', '2020-10-15 00:39:52'),
(33, 563, 4, 1, 'ZARPE', '2020-11-07 00:00:00', '2020-11-07 00:00:00', 1, '2020-10-15 00:39:52', '2020-10-15 00:39:52'),
(34, 563, 4, 1, 'ZARPE', '2020-10-25 00:00:00', '2020-10-25 00:00:00', 1, '2020-10-15 00:39:52', '2020-10-15 00:39:52'),
(35, 519, 4, 1, 'ZARPE', '2021-06-16 00:00:00', '2021-06-16 00:00:00', 1, '2021-06-08 22:18:41', '2021-06-08 22:18:41'),
(36, 519, 4, 1, 'ZARPE', '2021-06-24 00:00:00', '2021-06-24 00:00:00', 1, '2021-06-08 22:18:41', '2021-06-08 22:18:41'),
(37, 519, 4, 1, 'ZARPE', '2021-06-29 00:00:00', '2021-06-29 00:00:00', 1, '2021-06-08 22:18:41', '2021-06-08 22:18:41'),
(38, 515, 4, 1, 'ZARPE', '2021-07-13 00:00:00', '2021-07-13 00:00:00', 1, '2021-07-12 19:55:14', '2021-07-12 19:55:14'),
(39, 515, 4, 1, 'ZARPE', '2021-07-14 00:00:00', '2021-07-14 00:00:00', 1, '2021-07-12 19:55:14', '2021-07-12 19:55:14'),
(40, 515, 4, 1, 'ZARPE', '2021-07-15 00:00:00', '2021-07-15 00:00:00', 1, '2021-07-12 19:55:14', '2021-07-12 19:55:14'),
(41, 515, 4, 1, 'ZARPE', '2021-07-16 00:00:00', '2021-07-16 00:00:00', 1, '2021-07-12 19:55:14', '2021-07-12 19:55:14'),
(42, 566, 5, 1, 'RECOGIDA', '2021-07-13 01:00:00', '2021-07-13 01:00:00', 1, '2021-07-12 19:55:56', '2021-07-12 19:55:56'),
(43, 566, 5, 1, 'RECOGIDA', '2021-07-15 01:00:00', '2021-07-15 01:00:00', 1, '2021-07-12 19:55:56', '2021-07-12 19:55:56'),
(44, 566, 5, 1, 'RECOGIDA', '2021-07-14 01:00:00', '2021-07-14 01:00:00', 1, '2021-07-12 19:55:56', '2021-07-12 19:55:56'),
(45, 697, 5, 1, 'RECOGIDA', '2021-07-13 01:00:00', '2021-07-13 01:00:00', 1, '2021-07-12 20:02:34', '2021-07-12 20:02:34'),
(46, 697, 5, 1, 'RECOGIDA', '2021-07-14 01:00:00', '2021-07-14 01:00:00', 1, '2021-07-12 20:02:34', '2021-07-12 20:02:34'),
(47, 697, 5, 1, 'RECOGIDA', '2021-07-15 01:00:00', '2021-07-15 01:00:00', 1, '2021-07-12 20:02:34', '2021-07-12 20:02:34'),
(48, 697, 5, 1, 'RECOGIDA', '2021-07-16 01:00:00', '2021-07-16 01:00:00', 1, '2021-07-12 20:02:34', '2021-07-12 20:02:34');

-- --------------------------------------------------------

--
-- Estructura de tabla para la tabla `cars`
--

CREATE TABLE `cars` (
  `id` bigint(20) UNSIGNED NOT NULL,
  `tipo` varchar(255) COLLATE utf8mb4_unicode_ci NOT NULL,
  `marca` varchar(255) COLLATE utf8mb4_unicode_ci NOT NULL,
  `modelo` varchar(255) COLLATE utf8mb4_unicode_ci NOT NULL,
  `ano` int(11) NOT NULL,
  `motor` varchar(255) COLLATE utf8mb4_unicode_ci NOT NULL,
  `patente` varchar(255) COLLATE utf8mb4_unicode_ci NOT NULL,
  `color` varchar(255) COLLATE utf8mb4_unicode_ci NOT NULL,
  `asientos` varchar(255) COLLATE utf8mb4_unicode_ci NOT NULL,
  `numero_movil` varchar(255) COLLATE utf8mb4_unicode_ci NOT NULL,
  `habilitado` tinyint(1) NOT NULL,
  `created_at` timestamp NULL DEFAULT NULL,
  `updated_at` timestamp NULL DEFAULT NULL
) ENGINE=InnoDB DEFAULT CHARSET=utf8mb4 COLLATE=utf8mb4_unicode_ci;

--
-- Volcado de datos para la tabla `cars`
--

INSERT INTO `cars` (`id`, `tipo`, `marca`, `modelo`, `ano`, `motor`, `patente`, `color`, `asientos`, `numero_movil`, `habilitado`, `created_at`, `updated_at`) VALUES
(1, '-', '-', '-', 0, '-', '-', '-', '-', 'SIN MOVIL', 1, '2020-03-18 22:08:11', '2020-03-18 22:08:11'),
(2, 'VAN', 'CHEVROLET', 'ORLANDO', 2016, '12SD4SD5', 'D12S5', 'BLANCO', '6', '7003', 1, '2020-03-19 22:15:14', '2020-10-15 00:14:00');

-- --------------------------------------------------------

--
-- Estructura de tabla para la tabla `cars_has_documents`
--

CREATE TABLE `cars_has_documents` (
  `id` bigint(20) UNSIGNED NOT NULL,
  `car_id` bigint(20) UNSIGNED NOT NULL,
  `document_id` bigint(20) UNSIGNED NOT NULL,
  `habilitado` tinyint(1) NOT NULL,
  `created_at` timestamp NULL DEFAULT NULL,
  `updated_at` timestamp NULL DEFAULT NULL
) ENGINE=InnoDB DEFAULT CHARSET=utf8mb4 COLLATE=utf8mb4_unicode_ci;

--
-- Volcado de datos para la tabla `cars_has_documents`
--

INSERT INTO `cars_has_documents` (`id`, `car_id`, `document_id`, `habilitado`, `created_at`, `updated_at`) VALUES
(1, 2, 3, 1, '2020-03-19 22:16:32', '2020-03-19 22:16:32');

-- --------------------------------------------------------

--
-- Estructura de tabla para la tabla `cars_has_empresas`
--

CREATE TABLE `cars_has_empresas` (
  `id` bigint(20) UNSIGNED NOT NULL,
  `car_id` bigint(20) UNSIGNED NOT NULL,
  `empresa_id` bigint(20) UNSIGNED NOT NULL,
  `habilitado` tinyint(1) NOT NULL,
  `created_at` timestamp NULL DEFAULT NULL,
  `updated_at` timestamp NULL DEFAULT NULL
) ENGINE=InnoDB DEFAULT CHARSET=utf8mb4 COLLATE=utf8mb4_unicode_ci;

--
-- Volcado de datos para la tabla `cars_has_empresas`
--

INSERT INTO `cars_has_empresas` (`id`, `car_id`, `empresa_id`, `habilitado`, `created_at`, `updated_at`) VALUES
(1, 1, 1, 1, '2020-03-18 22:08:11', '2020-03-18 22:08:11'),
(3, 2, 2, 1, '2020-10-15 00:14:00', '2020-10-15 00:14:00');

-- --------------------------------------------------------

--
-- Estructura de tabla para la tabla `ciclofacturacions`
--

CREATE TABLE `ciclofacturacions` (
  `id` bigint(20) UNSIGNED NOT NULL,
  `empresa_id` bigint(20) UNSIGNED NOT NULL,
  `dias` int(11) NOT NULL,
  `inicio` int(11) DEFAULT NULL,
  `fin` int(11) DEFAULT NULL,
  `created_at` timestamp NULL DEFAULT NULL,
  `updated_at` timestamp NULL DEFAULT NULL
) ENGINE=InnoDB DEFAULT CHARSET=utf8mb4 COLLATE=utf8mb4_unicode_ci;

--
-- Volcado de datos para la tabla `ciclofacturacions`
--

INSERT INTO `ciclofacturacions` (`id`, `empresa_id`, `dias`, `inicio`, `fin`, `created_at`, `updated_at`) VALUES
(1, 2, 15, 1, 1, '2020-03-20 01:40:02', '2020-10-12 19:02:07');

-- --------------------------------------------------------

--
-- Estructura de tabla para la tabla `cicloproduccions`
--

CREATE TABLE `cicloproduccions` (
  `id` bigint(20) UNSIGNED NOT NULL,
  `empresa_id` bigint(20) UNSIGNED NOT NULL,
  `dias` int(11) NOT NULL,
  `inicio` int(11) DEFAULT NULL,
  `fin` int(11) DEFAULT NULL,
  `created_at` timestamp NULL DEFAULT NULL,
  `updated_at` timestamp NULL DEFAULT NULL
) ENGINE=InnoDB DEFAULT CHARSET=utf8mb4 COLLATE=utf8mb4_unicode_ci;

--
-- Volcado de datos para la tabla `cicloproduccions`
--

INSERT INTO `cicloproduccions` (`id`, `empresa_id`, `dias`, `inicio`, `fin`, `created_at`, `updated_at`) VALUES
(1, 2, 31, 1, 1, '2020-03-20 01:40:02', '2020-10-12 19:02:07');

-- --------------------------------------------------------

--
-- Estructura de tabla para la tabla `codificaciones`
--

CREATE TABLE `codificaciones` (
  `id` bigint(20) UNSIGNED NOT NULL,
  `sucursal_id` bigint(20) UNSIGNED NOT NULL,
  `grupo_patron_id` bigint(20) UNSIGNED DEFAULT NULL,
  `rut` varchar(255) COLLATE utf8mb4_unicode_ci NOT NULL,
  `nombre` varchar(255) COLLATE utf8mb4_unicode_ci NOT NULL,
  `apellido` varchar(255) COLLATE utf8mb4_unicode_ci NOT NULL,
  `direccion` varchar(255) COLLATE utf8mb4_unicode_ci NOT NULL,
  `comuna` varchar(255) COLLATE utf8mb4_unicode_ci NOT NULL,
  `email` varchar(255) COLLATE utf8mb4_unicode_ci DEFAULT NULL,
  `telefono` varchar(255) COLLATE utf8mb4_unicode_ci DEFAULT NULL,
  `centro_costo` varchar(255) COLLATE utf8mb4_unicode_ci DEFAULT NULL,
  `lat` decimal(10,5) DEFAULT NULL,
  `lng` decimal(10,5) DEFAULT NULL,
  `distancia` decimal(9,2) NOT NULL,
  `habilitado` tinyint(1) NOT NULL,
  `comentario` tinyint(4) DEFAULT NULL,
  `created_at` timestamp NULL DEFAULT NULL,
  `updated_at` timestamp NULL DEFAULT NULL
) ENGINE=InnoDB DEFAULT CHARSET=utf8mb4 COLLATE=utf8mb4_unicode_ci;

--
-- Volcado de datos para la tabla `codificaciones`
--

INSERT INTO `codificaciones` (`id`, `sucursal_id`, `grupo_patron_id`, `rut`, `nombre`, `apellido`, `direccion`, `comuna`, `email`, `telefono`, `centro_costo`, `lat`, `lng`, `distancia`, `habilitado`, `comentario`, `created_at`, `updated_at`) VALUES
(501, 2, 4, '167509843', 'ALDO', 'CATALAN', 'EL PRADO 439', 'SAN JOAQUIN', 'PRUEBA1@BAPP.CL', '62264587', 'OPERACIONES', '-33.51436', '-70.63457', '7.68', 1, NULL, '2020-09-13 02:57:38', '2020-10-15 00:16:04'),
(502, 2, NULL, '179200201', 'ALEJANDRO', 'ENCINA', 'HELECHO PONIENTE 1101', 'MAIPU', 'SIN EMAIL', '9 54032453', 'RENDICIONES', '-33.56014', '-70.78601', '7.30', 1, NULL, '2020-09-13 02:57:39', '2020-09-13 02:57:39'),
(503, 2, NULL, '181881666', 'ALEJANDRO', 'MARIHUAL', 'PASAJE ANDACOLLO 10522', 'LA GRANJA', 'SIN EMAIL', '967751473', 'PRODUCCION', '-33.55484', '-70.61486', '8.88', 1, NULL, '2020-09-13 02:57:39', '2020-09-13 02:57:39'),
(504, 2, NULL, '155883618', 'ALEX', 'MALDONADO', 'PJE SAN ANDRES 1213', 'LA PINTANA', 'SIN EMAIL', '95464919', 'DESPACHO SB', '-33.55903', '-70.65587', '5.29', 1, NULL, '2020-09-13 02:57:39', '2020-09-13 02:57:39'),
(505, 2, NULL, '179056844', 'ALEX', 'MUÑOZ', 'PEDRO DE MENSOZA 13418', 'SAN BERNARDO', 'SIN EMAIL', '73964697', 'MESA DE SERVICIO', '-33.57939', '-70.68774', '4.49', 1, NULL, '2020-09-13 02:57:39', '2020-09-13 02:57:39'),
(506, 2, NULL, '173904991', 'ALFONSO', 'VIDAL', 'RIO CISNE 3694', 'SAN JOAQUIN', 'SIN EMAIL', '87290317', 'MESA DE SERVICIO', '-33.49245', '-70.62519', '9.67', 1, NULL, '2020-09-13 02:57:39', '2020-09-13 02:57:39'),
(507, 2, NULL, '124862450', 'ALVARO', 'MARCHANT', 'PJE SAN EDMUNDO 1757', 'MAIPU', 'SIN EMAIL', '9 58650337', 'RENDICIONES', '-33.50937', '-70.74275', '4.86', 1, NULL, '2020-09-13 02:57:39', '2020-09-13 02:57:39'),
(508, 2, NULL, '179460076', 'ANGELA', 'VIVANCO', 'PASAJE ELOISA DIAZ 0723', 'SAN BERNARDO', 'SIN EMAIL', '51313360', 'MESA DE SERVICIO', '-33.59122', '-70.68748', '5.70', 1, NULL, '2020-09-13 02:57:39', '2020-09-13 02:57:39'),
(509, 2, NULL, '174170312', 'ANTONIO', 'CATRICURA', 'PASAJE 2 ORIENTE 6627', 'LO ESPEJO', 'SIN EMAIL', '964616433', 'PRODUCCION', '-33.51439', '-70.69164', '3.63', 1, NULL, '2020-09-13 02:57:39', '2020-09-13 02:57:39'),
(510, 2, NULL, '225941076', 'BENJAMIN', 'DE LA CRUZ', 'PUERTO CISNES 8131', 'PUDAHUEL', 'SIN EMAIL', '964592894', 'PRODUCCION', '-33.46312', '-70.74603', '9.53', 1, NULL, '2020-09-13 02:57:39', '2020-09-13 02:57:39'),
(511, 2, NULL, '160758759', 'CAMILO', 'FIGUEROA', 'PJE RIO CHILE 2815', 'MAIPU', 'SIN EMAIL', '89988249', 'DESPACHO SB', '-33.51059', '-70.75726', '5.71', 1, NULL, '2020-09-13 02:57:39', '2020-09-13 02:57:39'),
(512, 2, NULL, '173888236', 'CAMILO', 'TOBAR', 'TOMAS CAMPANELLA 5821', 'SAN JOAQUIN', 'SIN EMAIL', '53539134', 'DISTRIBUCIONENCARGADOS DE RUTA', '-33.51175', '-70.62645', '8.48', 1, NULL, '2020-09-13 02:57:39', '2020-09-13 02:57:39'),
(513, 2, NULL, '178523589', 'CAMILO', 'MATURANA', 'PASAJE BOLIVIA 0273', 'PUENTE ALTO', 'SIN EMAIL', '57918285', 'PRODUCCION', '-33.61703', '-70.58299', '14.31', 1, NULL, '2020-09-13 02:57:39', '2020-09-13 02:57:39'),
(514, 2, NULL, '176769904', 'CAMILO', 'PARADA', 'AV PARQUE CORDILLERA 02748', 'PUENTE ALTO', 'SIN EMAIL', '78698230', 'MESA DE SERVICIO', '-33.58741', '-70.55175', '15.43', 1, NULL, '2020-09-13 02:57:39', '2020-09-13 02:57:39'),
(515, 2, NULL, '98477705', 'CARLO', 'VEGA', 'PJE LA PUNTILLA 2282', 'MAIPU', 'SIN EMAIL', '56848081', 'OPERACIONES', '-33.52405', '-70.79009', '7.74', 1, NULL, '2020-09-13 02:57:39', '2020-09-13 02:57:39'),
(516, 2, NULL, '170544846', 'CARLOS', 'HERMOSILLA', 'PJE CRASO 314', 'SAN JOAQUIN', 'SIN EMAIL', '97424755', 'DISTRIBUCION', '-33.51070', '-70.62634', '8.54', 1, NULL, '2020-09-13 02:57:39', '2020-09-13 02:57:39'),
(517, 2, NULL, '105305117', 'CARLOS', 'VARAS', 'PROFESOR JULIO CHAVEZ 12496', 'LA PINTANA', 'SIN EMAIL', '0225453567', 'DESPACHO SB', '-33.57770', '-70.65684', '6.21', 1, NULL, '2020-09-13 02:57:39', '2020-09-13 02:57:39'),
(518, 2, NULL, '146678912', 'CARLOS', 'ORTEGA', 'AV EJERCITO LIBERTATADOR 3849', 'PUENTE ALTO', 'SIN EMAIL', '74312984', 'OPERACIONES', '-33.57484', '-70.59872', '10.86', 1, NULL, '2020-09-13 02:57:39', '2020-09-13 02:57:39'),
(519, 2, NULL, '88646622', 'CARLOS', 'VELASQUEZ', 'GENERAL BONILLA 8317', 'PUDAHUEL', 'SIN EMAIL', '974273459', 'PRODUCCION', '-33.45166', '-70.74144', '10.61', 1, NULL, '2020-09-13 02:57:39', '2020-09-13 02:57:39'),
(520, 2, NULL, '97321078', 'CLAUDIO', 'SOTO', 'DOS NORTE 1321', 'SAN RAMON', 'SIN EMAIL', '61903888', 'OPERACIONES', '-33.52738', '-70.64587', '6.18', 1, NULL, '2020-09-13 02:57:39', '2020-09-13 02:57:39'),
(521, 2, NULL, '131381018', 'CRISTIAN', 'MORALES', 'EL COLOR 8480', 'PUDAHUEL', 'SIN EMAIL', '971682724', 'DESPACHO SB', '-33.44211', '-70.76406', '12.33', 1, NULL, '2020-09-13 02:57:39', '2020-09-13 02:57:39'),
(522, 2, NULL, '15962014K', 'CRISTIAN', 'ALEGRE', 'AVENIDA VYEL 1616', 'SANTIAGO', 'SIN EMAIL', '97447249', 'DISTRIBUCION', '-33.46800', '-70.65584', '9.75', 1, NULL, '2020-09-13 02:57:39', '2020-09-13 02:57:39'),
(523, 2, NULL, '160691387', 'DANIEL', 'CORVALAN', 'ROLANDO CAICEDO 1173', 'PUDAHUEL', 'SIN EMAIL', '988793693', 'PRODUCCION', '-33.43327', '-70.74413', '12.64', 1, NULL, '2020-09-13 02:57:39', '2020-09-13 02:57:39'),
(524, 2, NULL, '182195677', 'DANIELA', 'MUÑOZ', 'PSJE GONZALO DRAGO 13671', 'SAN BERNARDO', 'SIN EMAIL', '962827691', 'PRODUCCION', '-33.58627', '-70.67712', '5.65', 1, NULL, '2020-09-13 02:57:39', '2020-09-13 02:57:39'),
(525, 2, NULL, '17277847K', 'DAVID', 'MILLAQUEN', 'PJE LA VID 8364', 'PUDAHUEL', 'SIN EMAIL', '76074713', 'RENDICIONES', '-33.45839', '-70.74929', '10.13', 1, NULL, '2020-09-13 02:57:39', '2020-09-13 02:57:39'),
(526, 2, NULL, '168765657', 'DIEGO', 'PEREZ', 'CALLE ANGA ROA 12060', 'SAN BERNARDO', 'SIN EMAIL', '69155436', 'DESPACHO SB', '-33.56336', '-70.70502', '2.27', 1, NULL, '2020-09-13 02:57:39', '2020-09-13 02:57:39'),
(527, 2, NULL, '10205234K', 'EDSON', 'OGAZ', 'PUNTA ARGOLLA 2618', 'PUENTE ALTO', 'SIN EMAIL', '974786050', 'DESPACHO SB', '-33.58441', '-70.55270', '15.24', 1, NULL, '2020-09-13 02:57:39', '2020-09-13 02:57:39'),
(528, 2, NULL, '180562087', 'EDUARDO', 'ESCALONA', 'CAN MENOR 03320', 'LO ESPEJO', 'SIN EMAIL', '957634877', 'PRODUCCION', '-33.52296', '-70.69491', '2.65', 1, NULL, '2020-09-13 02:57:39', '2020-09-13 02:57:39'),
(529, 2, NULL, '161704415', 'EDUARDO', 'REYES', 'CALLE PADRE HURTADO 6886', 'PEÑALOLEN', 'SIN EMAIL', '61121555', 'DESPACHO SB', '-33.46479', '-70.55904', '16.47', 1, NULL, '2020-09-13 02:57:39', '2020-09-13 02:57:39'),
(530, 2, NULL, '171098904', 'EDUARDO', 'ORTIZ', 'PJE QUITO 0938', 'PUENTE ALTO', 'SIN EMAIL', '976659962', 'PRODUCCION', '-33.62577', '-70.59135', '14.29', 1, NULL, '2020-09-13 02:57:39', '2020-09-13 02:57:39'),
(531, 2, NULL, '166948487', 'ENOC', 'DEL POZO', 'GUACOLDA 619', 'LA FLORIDA', 'SIN EMAIL', '9 74526199', 'DESPACHO SB', '-33.56483', '-70.59226', '11.14', 1, NULL, '2020-09-13 02:57:39', '2020-09-13 02:57:39'),
(532, 2, NULL, '143191850', 'ERICK', 'ZAMBRANO', 'EUCALIPTUS 831', 'SAN BERNARDO', 'SIN EMAIL', '95024687', 'DESPACHO SB', '-33.60462', '-70.71420', '6.82', 1, NULL, '2020-09-13 02:57:39', '2020-09-13 02:57:39'),
(533, 2, NULL, '103092493', 'ESTEBAN', 'FRAJOLA', 'RIO CISNE 3670', 'SAN JOAQUIN', 'SIN EMAIL', '973372827', 'DESPACHO SB', '-33.49261', '-70.62509', '9.66', 1, NULL, '2020-09-13 02:57:39', '2020-09-13 02:57:39'),
(534, 2, NULL, '128141162', 'ESTEBAN', 'OLIVARES', 'PASAJE ANTARTICA 5174', 'QUINTA NORMAL', 'SIN EMAIL', '94130905', 'MESA DE SERVICIO', '-33.41886', '-70.70262', '13.85', 1, NULL, '2020-09-13 02:57:39', '2020-09-13 02:57:39'),
(535, 2, NULL, '143391140', 'FRANCISCO', 'CONTRERAS', 'PJE MALIEN 1061', 'LA CISTERNA', 'SIN EMAIL', '95597533', 'DISTRIBUCION', '-33.52645', '-70.66135', '4.86', 1, NULL, '2020-09-13 02:57:39', '2020-09-13 02:57:39'),
(536, 2, NULL, '179246910', 'FRANCISCO', 'JOFRE', 'PEDRO LIRA 0713', 'LA GRANJA', 'SIN EMAIL', '62719317', 'PRODUCCION', '-33.55281', '-70.62181', '8.22', 1, NULL, '2020-09-13 02:57:39', '2020-09-13 02:57:39'),
(537, 2, NULL, '154465243', 'FRANCISCO', 'MUÑOZ', 'ARTES 6795', 'SAN RAMON', 'SIN EMAIL', '99829259', 'DESPACHO SB', '-33.52259', '-70.64440', '6.48', 1, NULL, '2020-09-13 02:57:39', '2020-09-13 02:57:39'),
(538, 2, NULL, '102437098', 'FRANCISCO', 'PALAVICINO', 'GRAN AVENIDA 4310', 'SAN MIGUEL', 'SIN EMAIL', '958196917', 'SEGURIDAD', '-33.49376', '-70.65195', '7.69', 1, NULL, '2020-09-13 02:57:39', '2020-09-13 02:57:39'),
(539, 2, NULL, '157221566', 'GABRIEL', 'ADASME', 'PASAJE SAN MARCOS 13704', 'SAN BERNARDO', 'SIN EMAIL', '76623069', 'MESA DE SERVICIO', '-33.58745', '-70.67492', '5.87', 1, NULL, '2020-09-13 02:57:39', '2020-09-13 02:57:39'),
(540, 2, NULL, '164876934', 'GERARDO', 'AROS', 'MANUEL FISHMAN 3781', 'ESTACION CENTRAL', 'SIN EMAIL', '950758140', 'MESA DE SERVICIO', '-33.52770', '-70.66601', '4.41', 1, NULL, '2020-09-13 02:57:39', '2020-09-13 02:57:39'),
(541, 2, NULL, '139159020', 'GERMAN', 'NIETO', 'PJE RIO BAKER 1300', 'SAN BERNARDO', 'SIN EMAIL', '952330830', 'DESPACHO SB', '-33.59007', '-70.67392', '6.16', 1, NULL, '2020-09-13 02:57:39', '2020-09-13 02:57:39'),
(542, 2, NULL, '79005940', 'GERMAN', 'VALENZUELA', 'SERRANO 541', 'SANTIAGO', 'SIN EMAIL', '50196924', 'DISTRIBUCION', '-33.45165', '-70.64808', '11.69', 1, NULL, '2020-09-13 02:57:39', '2020-09-13 02:57:39'),
(543, 2, NULL, '124820103', 'GRACIELA', 'MUÑOZ', 'PANGAL 2381', 'MAIPU', 'SIN EMAIL', '9 73430941', 'RENDICIONES', '-33.50658', '-70.78619', '8.18', 1, NULL, '2020-09-13 02:57:39', '2020-09-13 02:57:39'),
(544, 2, NULL, '85426788', 'GUILLERMO', 'OSORIO', 'ENRIQUE MATTE 1830 BLOKC 5', 'PEDRO AGUIRRE CERDA', 'SIN EMAIL', '223125922', 'DESPACHO SB', '-33.48380', '-70.66140', '8.00', 1, NULL, '2020-09-13 02:57:39', '2020-09-13 02:57:39'),
(545, 2, NULL, '101657671', 'GUILLERMO', 'ALARCON', 'RAMON BARROS LUCO 438', 'PUENTE ALTO', 'SIN EMAIL', '58588346', 'DISTRIBUCION', '-33.62174', '-70.57902', '14.91', 1, NULL, '2020-09-13 02:57:39', '2020-09-13 02:57:39'),
(546, 2, NULL, '162785990', 'GUSTAVO', 'FUENTES', 'CAMINO LA RAMADA 927', 'PUENTE ALTO', 'SIN EMAIL', '97419780', 'DISTRIBUCION', '-33.62804', '-70.60683', '13.39', 1, NULL, '2020-09-13 02:57:39', '2020-09-13 02:57:39'),
(547, 2, NULL, '122893863', 'HECTOR', 'VILLAGRA', 'CALLE UNO CASA 5021', 'MACUL', 'SIN EMAIL', '69799091', 'DESPACHO SB', '-33.49705', '-70.58796', '12.40', 1, NULL, '2020-09-13 02:57:39', '2020-09-13 02:57:39'),
(548, 2, NULL, '113356308', 'HECTOR', 'SANTIBAÑEZ', 'PASAJE EL SEMBRADOR 534', 'PUENTE ALTO', 'SIN EMAIL', '99180565', 'DESPACHO SB', '-33.60970', '-70.59451', '12.97', 1, NULL, '2020-09-13 02:57:39', '2020-09-13 02:57:39'),
(549, 2, NULL, '168091907', 'HELI', 'GARRIDO', 'ZENTENO 138', 'SANTIAGO', 'SIN EMAIL', '71731116', 'MESA DE SERVICIO', '-33.44698', '-70.65210', '11.97', 1, NULL, '2020-09-13 02:57:39', '2020-09-13 02:57:39'),
(550, 2, NULL, '186674049', 'IGNACIO', 'BARRERA', 'TOCORNAL GREZ 532', 'PUENTE ALTO', 'SIN EMAIL', '56462381', 'DESPACHO SB', '-33.60726', '-70.57962', '13.99', 1, NULL, '2020-09-13 02:57:39', '2020-09-13 02:57:39'),
(551, 2, NULL, '175538658', 'ITALO', 'ESPINOZA', 'VASCO NUÑEZ DE BALBOA 3645', 'MAIPU', 'SIN EMAIL', '99858652', 'MESA DE SERVICIO', '-33.49562', '-70.73438', '5.78', 1, NULL, '2020-09-13 02:57:39', '2020-09-13 02:57:39'),
(552, 2, NULL, '142578719', 'ITALO', 'IBACETA', 'SANTA ADRIANA 1751', 'LA FLORIDA', 'SIN EMAIL', '83998558', 'RECEPCION', '-33.52033', '-70.58204', '12.11', 1, NULL, '2020-09-13 02:57:39', '2020-09-13 02:57:39'),
(553, 2, NULL, '153784515', 'IVAN', 'BRAVO', 'ALEJANDRO GUZMAN 322D', 'EL BOSQUE', 'SIN EMAIL', '95477616', 'MESA DE SERVICIO', '-33.55436', '-70.67038', '3.85', 1, NULL, '2020-09-13 02:57:39', '2020-09-13 02:57:39'),
(554, 2, NULL, '92563111', 'IVES', 'ORELLANA', 'ISLA MADRE DE DIOS 01447', 'PUENTE ALTO', 'SIN EMAIL', '988834175', 'PRODUCCION', '-33.56686', '-70.56785', '13.40', 1, NULL, '2020-09-13 02:57:39', '2020-09-13 02:57:39'),
(555, 2, NULL, '9712860K', 'JAIME', 'MELLADO', 'MARTIN LUTHER KING CASA 276', 'LA FLORIDA', 'SIN EMAIL', '85135475', 'PRODUCCION', '-33.52269', '-70.59871', '10.54', 1, NULL, '2020-09-13 02:57:39', '2020-09-13 02:57:39'),
(556, 2, NULL, '184996936', 'JEFERSSON', 'SLIVA', 'ANTONIO VARAS 724', 'EL BOSQUE', 'SIN EMAIL', '50680187', 'DESPACHO SB', '-33.56228', '-70.66899', '4.32', 1, NULL, '2020-09-13 02:57:39', '2020-09-13 02:57:39'),
(557, 2, NULL, '245559054', 'JEFFERSON', 'ARANGO', 'CONDEL DEL MAULE 4364', 'ESTACION CENTRAL', 'SIN EMAIL', 'SIN TELEFONO', 'DESPACHO SB', '-33.45384', '-70.69604', '10.03', 1, NULL, '2020-09-13 02:57:39', '2020-09-13 02:57:39'),
(558, 2, NULL, '136114654', 'JIMMY', 'AMADOR', 'DON JUAN DE ARCAYA 1605', 'PUENTE ALTO', 'SIN EMAIL', '79943530', 'MESA DE SERVICIO', '-33.61861', '-70.59061', '13.84', 1, NULL, '2020-09-13 02:57:39', '2020-09-13 02:57:39'),
(559, 2, NULL, '187389453', 'JOEL', 'JORQUERA', 'PJE 68 N° 6698', 'LO ESPEJO', 'SIN EMAIL', '997532066', 'DESPACHO SB', '-33.51280', '-70.67483', '4.69', 1, NULL, '2020-09-13 02:57:39', '2020-09-13 02:57:39'),
(560, 2, NULL, '186652894', 'JONATHAN', 'OLIVARES', 'AVAMERICO VESPUCIO 3608', 'LO ESPEJO', 'SIN EMAIL', '971720835', 'PRODUCCION', '-33.52213', '-70.70040', '2.52', 1, NULL, '2020-09-13 02:57:39', '2020-09-13 02:57:39'),
(561, 2, NULL, '176923113', 'JORGE', 'QUIROZ', 'PASAJE 68 CASA 6701', 'LO ESPEJO', 'SIN EMAIL', '958193868', 'DESPACHO SB', '-33.51293', '-70.67495', '4.67', 1, NULL, '2020-09-13 02:57:39', '2020-09-13 02:57:39'),
(562, 2, NULL, '95329772', 'JORGE', 'BECERRA', 'ANTILOPE 1235', 'MAIPU', 'SIN EMAIL', '85997457', 'PRODUCCION', '-33.49696', '-70.74316', '6.01', 1, NULL, '2020-09-13 02:57:39', '2020-09-13 02:57:39'),
(563, 2, NULL, '157031104', 'JORGE', 'VILLEGAS', 'COELEMU 02583', 'SAN BERNARDO', 'SIN EMAIL', '53603529', 'DISTRIBUCION', '-33.57101', '-70.70736', '3.08', 1, NULL, '2020-09-13 02:57:39', '2020-09-13 02:57:39'),
(564, 2, NULL, '73623022', 'JORGE', 'HERNANDEZ', 'CORDON DE LA DELICIAS 3920', 'PUENTE ALTO', 'SIN EMAIL', '978781870', 'PRODUCCION', '-33.58514', '-70.57068', '13.69', 1, NULL, '2020-09-13 02:57:39', '2020-09-13 02:57:39'),
(565, 2, NULL, '126318960', 'JORGE', 'NECULPAN', 'PJE TRIGAL 0751', 'LA GRANJA', 'SIN EMAIL', '9 90138999', 'RENDICIONES', '-33.52249', '-70.61745', '8.86', 1, NULL, '2020-09-13 02:57:39', '2020-09-13 02:57:39'),
(566, 2, NULL, '161903280', 'JORGE', 'PEREZ', 'CAPELLA 2173', 'SAN BERNARDO', 'SIN EMAIL', '91997604', 'OPERACIONES', '-33.67043', '-70.75124', '14.63', 1, NULL, '2020-09-13 02:57:39', '2020-09-13 02:57:39'),
(567, 2, NULL, '158982307', 'JORGE', 'PINO', 'PASAJE MAR DE OMAN 1453', 'EL BOSQUE', 'SIN EMAIL', '87276722', 'MESA DE SERVICIO', '-33.58321', '-70.67039', '5.74', 1, NULL, '2020-09-13 02:57:39', '2020-09-13 02:57:39'),
(568, 2, NULL, '118671554', 'JORGE', 'SCHUFFENEGGER', 'CHOPIN SUR 992', 'LA FLORIDA', 'SIN EMAIL', '53903416', 'PRODUCCION', '-33.55606', '-70.59842', '10.41', 1, NULL, '2020-09-13 02:57:39', '2020-09-13 02:57:39'),
(569, 2, NULL, '164168778', 'JOSE', 'LEON', 'LAS HOJAS 10240', 'EL BOSQUE', 'SIN EMAIL', '986741466', 'DESPACHO SB', '-33.56082', '-70.65922', '5.07', 1, NULL, '2020-09-13 02:57:39', '2020-09-13 02:57:39'),
(570, 2, NULL, '126949782', 'JOSE', 'MONTERO', 'PJE LONGOTOMA 71', 'LO PRADO', 'SIN EMAIL', '9 87495477', 'RENDICIONES', '-33.45428', '-70.72066', '9.95', 1, NULL, '2020-09-13 02:57:39', '2020-09-13 02:57:39'),
(571, 2, NULL, '175637346', 'JOSE', 'NAVARRO', 'PEDRO DE MENDOZA 13405', 'EL BOSQUE', 'SIN EMAIL', '954517057', 'PRODUCCION', '-33.57927', '-70.68767', '4.48', 1, NULL, '2020-09-13 02:57:39', '2020-09-13 02:57:39'),
(572, 2, NULL, '170034635', 'JOSE', 'URIZAR', 'MILLANTU 0588', 'PUENTE ALTO', 'SIN EMAIL', '949390112', 'PRODUCCION', '-33.61601', '-70.55790', '16.21', 1, NULL, '2020-09-13 02:57:39', '2020-09-13 02:57:39'),
(573, 2, NULL, '222414520', 'JOSEPH', 'CULQUI', 'SARGENTO MENADIER 2751', 'PUENTE ALTO', 'SIN EMAIL', '64733449', 'PRODUCCION', '-33.62026', '-70.60677', '12.81', 1, NULL, '2020-09-13 02:57:39', '2020-09-13 02:57:39'),
(574, 2, NULL, '114455784', 'JUAN', 'BUSTOS', 'CABURGA 1545', 'PEÑALOLEN', 'SIN EMAIL', '961917737', 'PRODUCCION', '-33.47115', '-70.54875', '16.94', 1, NULL, '2020-09-13 02:57:39', '2020-09-13 02:57:39'),
(575, 2, NULL, '78156376', 'JUAN', 'JIMENEZ', 'PTO RAUL RAMIREZ 7632', 'PUDAHUEL', 'SIN EMAIL', '67535890', 'PRODUCCION', '-33.46476', '-70.74437', '9.31', 1, NULL, '2020-09-13 02:57:39', '2020-09-13 02:57:39'),
(576, 2, NULL, '9960039K', 'JUAN', 'PALMA', 'PABLO NERUDA 9179', 'LO ESPEJO', 'SIN EMAIL', '992049189', 'DESPACHO SB', '-33.52847', '-70.69845', '1.96', 1, NULL, '2020-09-13 02:57:39', '2020-09-13 02:57:39'),
(577, 2, NULL, '189065868', 'JUAN', 'DIAZ', 'GIL DE CASTRO 3437 BLOCK 66', 'LO ESPEJO', 'SIN EMAIL', '964914200', 'DESPACHO SB', '-33.52459', '-70.69877', '2.32', 1, NULL, '2020-09-13 02:57:40', '2020-09-13 02:57:40'),
(578, 2, NULL, '186957350', 'JUAN', 'MUÑOZ', '3 PONIENTE 8057', 'LO ESPEJO', 'SIN EMAIL', '62316807', 'PRODUCCION', '-33.51408', '-70.69737', '3.45', 1, NULL, '2020-09-13 02:57:40', '2020-09-13 02:57:40'),
(579, 2, NULL, '93661036', 'JUAN', 'RODRIGUEZ', 'LOS ASTRONOMOS 2757', 'MAIPU', 'SIN EMAIL', '985829818', 'DESPACHO SB', '-33.52399', '-70.79488', '8.17', 1, NULL, '2020-09-13 02:57:40', '2020-09-13 02:57:40'),
(580, 2, NULL, '179082446', 'JUAN', 'ROMERO', 'MICHIMALONGO 10051', 'EL BOSQUE', 'SIN EMAIL', '945359531', 'PRODUCCION', '-33.54953', '-70.68508', '2.39', 1, NULL, '2020-09-13 02:57:40', '2020-09-13 02:57:40'),
(581, 2, NULL, '137144859', 'JULIO', 'ESCOBAR', 'RUIZSEÑOR 95', 'SAN BERNARDO', 'SIN EMAIL', '958196908', 'DESPACHO SB', '-33.61214', '-70.70562', '7.65', 1, NULL, '2020-09-13 02:57:40', '2020-09-13 02:57:40'),
(582, 2, NULL, '167427499', 'LEONARDO', 'SAAVEDRA', 'LORENZO DE MEDICI 1738', 'PUENTE ALTO', 'SIN EMAIL', '963299303', 'PRODUCCION', '-33.61861', '-70.59061', '13.84', 1, NULL, '2020-09-13 02:57:40', '2020-09-13 02:57:40'),
(583, 2, NULL, '91797860', 'LEOPOLDO', 'LUKE', 'MANUEL FISHMAN 3781', 'ESTACION CENTRAL', 'SIN EMAIL', '96743205', 'MESA DE SERVICIO', '-33.52770', '-70.66601', '4.41', 1, NULL, '2020-09-13 02:57:40', '2020-09-13 02:57:40'),
(584, 2, NULL, '58799882', 'LUIS', 'AGUILERA', 'MAR CASPIO 1730', 'EL BOSQUE', 'SIN EMAIL', '85997457', 'PRODUCCION', '-33.58347', '-70.66789', '5.91', 1, NULL, '2020-09-13 02:57:40', '2020-09-13 02:57:40'),
(585, 2, NULL, '186067088', 'LUIS', 'VALLEJOS', 'CALLE AVILLALUZ 12411', 'LA PINTANA', 'SIN EMAIL', '952233199', 'PRODUCCION', '-33.57742', '-70.65285', '6.49', 1, NULL, '2020-09-13 02:57:40', '2020-09-13 02:57:40'),
(586, 2, NULL, '118441052', 'MANUEL', 'AVALOS', 'PAICAVI 2872', 'LA FLORIDA', 'SIN EMAIL', '58193961', 'DISTRIBUCION', '-33.51978', '-70.56729', '13.46', 1, NULL, '2020-09-13 02:57:40', '2020-09-13 02:57:40'),
(587, 2, NULL, '94281474', 'MANUEL', 'ESTAY', 'VECINAL SUR 1650', 'EL BOSQUE', 'SIN EMAIL', '990884029', 'PRODUCCION', '-33.58004', '-70.67201', '5.37', 1, NULL, '2020-09-13 02:57:40', '2020-09-13 02:57:40'),
(588, 2, NULL, '154700951', 'MANUEL', 'HERNANDEZ', 'NUEVA CINCO 1758', 'INDEPENDENCIA', 'SIN EMAIL', '949188887', 'MESA DE SERVICIO', '-33.40793', '-70.67585', '15.38', 1, NULL, '2020-09-13 02:57:40', '2020-09-13 02:57:40'),
(589, 2, NULL, '147472498', 'MANUEL', 'SOSA', 'ARTURO PRAT 1353', 'SANTIAGO', 'SIN EMAIL', '9 99052064', 'PRODUCCION', '-33.46304', '-70.64722', '10.64', 1, NULL, '2020-09-13 02:57:40', '2020-09-13 02:57:40'),
(590, 2, NULL, '126855311', 'MARCELO', 'CADIZ', '​RUPANCO 398', 'LA FLORIDA', 'SIN EMAIL', '958197035', 'DESPACHO SB', '-33.52113', '-70.60992', '9.58', 1, NULL, '2020-09-13 02:57:40', '2020-09-13 02:57:40'),
(591, 2, NULL, '154403701', 'MARCELO', 'RODRIGUEZ', 'SANTA INES 3515 CASA 11', 'SAN BERNARDO', 'SIN EMAIL', '58193879', 'DESPACHO SB', '-33.62911', '-70.68794', '9.74', 1, NULL, '2020-09-13 02:57:40', '2020-09-13 02:57:40'),
(592, 2, NULL, '181844981', 'MARCELO', 'SEREY', 'PSJE SEIS NORTE 1619', 'PEDRO AGUIRRE CERDA', 'SIN EMAIL', '953286585', 'PRODUCCION', '-33.50247', '-70.69246', '4.82', 1, NULL, '2020-09-13 02:57:40', '2020-09-13 02:57:40'),
(593, 2, NULL, '84548413', 'MARCO', 'CANALES', 'PJE MONTECRISTO 1652', 'MAIPU', 'SIN EMAIL', '9 45339337', 'RENDICIONES', '-33.52227', '-70.78147', '7.04', 1, NULL, '2020-09-13 02:57:40', '2020-09-13 02:57:40'),
(594, 2, NULL, '12114817K', 'MARIA', 'PEREZ', 'ANDRES ZAMORA 216', 'SAN BERNARDO', 'SIN EMAIL', '993567297', 'PRODUCCION', '-33.60093', '-70.70247', '6.43', 1, NULL, '2020-09-13 02:57:40', '2020-09-13 02:57:40'),
(595, 2, NULL, '190623297', 'MATHIAS', 'VELASQUEZ', 'LA TRAVESIA 8727 TORE 3', 'PUDAHUEL', 'SIN EMAIL', '42121425', 'DISTRIBUCION', '-33.45423', '-70.75915', '10.91', 1, NULL, '2020-09-13 02:57:40', '2020-09-13 02:57:40'),
(596, 2, NULL, '158005859', 'MICHAEL', 'HUICHACURA', 'RAPEL 8796', 'CERRO NAVIA', 'SIN EMAIL', '88404129', 'PRODUCCION', '-33.41882', '-70.76718', '14.83', 1, NULL, '2020-09-13 02:57:40', '2020-09-13 02:57:40'),
(597, 2, NULL, '9219986K', 'MIGUEL', 'ARIAS', 'LANALHUE 1477', 'SAN BERNARDO', 'SIN EMAIL', '968508836', 'DESPACHO SB', '-37.92619', '-73.30602', '540.40', 1, NULL, '2020-09-13 02:57:40', '2020-09-13 02:57:40'),
(598, 2, NULL, '71105679', 'NELDY', 'CARRASCO', 'GIL DE CASTRO 03618', 'LO ESPEJO', 'SIN EMAIL', '995822013', 'SERVICIOS GENERALES', '-33.52310', '-70.70074', '2.40', 1, NULL, '2020-09-13 02:57:40', '2020-09-13 02:57:40'),
(599, 2, NULL, '127423563', 'NELSON', 'MANSILLA', 'AV JULIO BARNECHEA 0702', 'LA PINTANA', 'SIN EMAIL', '982122581', 'DESPACHO SB', '-33.58276', '-70.65887', '6.43', 1, NULL, '2020-09-13 02:57:40', '2020-09-13 02:57:40'),
(600, 2, NULL, '118703464', 'OMAR', 'GARRIDO', '4 ALAMOS 325', 'MAIPU', 'SIN EMAIL', '63694010', 'OPERACIONES', '-33.51606', '-70.75273', '5.00', 1, NULL, '2020-09-13 02:57:40', '2020-09-13 02:57:40'),
(601, 2, NULL, '164591743', 'ORLANDO', 'ROJAS', 'ALBERTO HURTADO 159 BLOCK 1', 'ESTACION CENTRAL', 'SIN EMAIL', '58588353', 'DESPACHO SB', '-33.44552', '-70.69169', '11.00', 1, NULL, '2020-09-13 02:57:40', '2020-09-13 02:57:40'),
(602, 2, NULL, '167053564', 'OSCAR', 'AGUILAR', 'CALLE EL ACERO 11117', 'LA FLORIDA', 'SIN EMAIL', '90321491', 'DESPACHO SB', '-33.55709', '-70.57091', '12.95', 1, NULL, '2020-09-13 02:57:40', '2020-09-13 02:57:40'),
(603, 2, NULL, '166663938', 'PABLO', 'GONZALEZ', 'PJE NAVARINO 15777', 'SAN BERNARDO', 'SIN EMAIL', '58196914', 'DESPACHO SB', '-33.60154', '-70.68849', '6.76', 1, NULL, '2020-09-13 02:57:40', '2020-09-13 02:57:40'),
(604, 2, NULL, '164952398', 'PABLO', 'PRIETO', 'SAN ISIDRO 292', 'SANTIAGO', 'SIN EMAIL', '61567383', 'DISTRIBUCION', '-33.44750', '-70.64320', '12.31', 1, NULL, '2020-09-13 02:57:40', '2020-09-13 02:57:40'),
(605, 2, NULL, '180512233', 'PABLO', 'TORRES', 'RANGO 9917', 'EL BOSQUE', 'SIN EMAIL', '952757069', 'PRODUCCION', '-33.55898', '-70.67875', '3.36', 1, NULL, '2020-09-13 02:57:40', '2020-09-13 02:57:40'),
(606, 2, NULL, '182765961', 'PAOLO', 'PAVEZ', 'PJE 68 6613', 'LO ESPEJO', 'SIN EMAIL', '90749151', 'DESPACHO SB', '-33.51206', '-70.67457', '4.77', 1, NULL, '2020-09-13 02:57:40', '2020-09-13 02:57:40'),
(607, 2, NULL, '141769677', 'PATRICIO', 'ARAVENA', 'BAQUEDANO 1114', 'SAN BERNARDO', 'SIN EMAIL', '50468830', 'DESPACHO SB', '-33.60210', '-70.69447', '6.68', 1, NULL, '2020-09-13 02:57:40', '2020-09-13 02:57:40'),
(608, 2, NULL, '107563717', 'PATRICIO', 'RODRIGUEZ', 'EUCALIPTUS 769', 'SAN BERNARDO', 'SIN EMAIL', '89889907', 'PRODUCCION', '-33.60503', '-70.71330', '6.86', 1, NULL, '2020-09-13 02:57:40', '2020-09-13 02:57:40'),
(609, 2, NULL, '92505294', 'PATRICIO', 'URRUTIA', 'RAMON SUBERCASEUX PARCELA 6 D', 'PIRQUE', 'SIN EMAIL', '972333507', 'DESPACHO SB', '-33.61583', '-70.51599', '19.67', 1, NULL, '2020-09-13 02:57:40', '2020-09-13 02:57:40'),
(610, 2, NULL, '11097194K', 'PEDRO', 'SALINAS', 'CACTUS 683', 'MAIPU', 'SIN EMAIL', '958193965', 'DISTRIBUCIONENCARGADOS DE RUTA', '-33.56111', '-70.79070', '7.75', 1, NULL, '2020-09-13 02:57:40', '2020-09-13 02:57:40'),
(611, 2, NULL, '124970911', 'RAMON', 'FIGUEROA', 'PEPE VILA 545 CASA E', 'LA REINA', 'SIN EMAIL', '95397897', 'OPERACIONES', '-33.44886', '-70.51696', '20.73', 1, NULL, '2020-09-13 02:57:40', '2020-09-13 02:57:40'),
(612, 2, NULL, '97489297', 'RICARDO', 'ROMAN', 'PIEDRA CALLADA 7017', 'PUDAHUEL', 'SIN EMAIL', '55914539', 'PRODUCCION', '-33.46039', '-70.73355', '9.48', 1, NULL, '2020-09-13 02:57:40', '2020-09-13 02:57:40'),
(613, 2, NULL, '80115253', 'ROBERTO', 'HERRERA', 'LOS UNIVERSITARIOS 7444', 'PUDAHUEL', 'SIN EMAIL', '98887724', 'PRODUCCION', '-33.46058', '-70.74528', '9.77', 1, NULL, '2020-09-13 02:57:40', '2020-09-13 02:57:40'),
(614, 2, NULL, '13923331K', 'RODRIGO', 'MORALES', 'AVENIDA CENTRAL 1725 CASA 124', 'PUENTE ALTO', 'SIN EMAIL', '957865812', 'PRODUCCION', '-33.59416', '-70.51799', '18.64', 1, NULL, '2020-09-13 02:57:40', '2020-09-13 02:57:40'),
(615, 2, NULL, '173045727', 'RODRIGO', 'OLIVERA', 'ENRIQUE MATTE 1830', 'PEDRO AGUIRRE CERDA', 'SIN EMAIL', '54748730', 'DESPACHO SB', '-33.48380', '-70.66140', '8.00', 1, NULL, '2020-09-13 02:57:40', '2020-09-13 02:57:40'),
(616, 2, NULL, '184988046', 'ROSA', 'CHAVEZ', 'PASAJE 64 1626', 'LO ESPEJO', 'SIN EMAIL', '961624678', 'DESPACHO SB', '-33.51357', '-70.67475', '4.64', 1, NULL, '2020-09-13 02:57:40', '2020-09-13 02:57:40'),
(617, 2, NULL, '83120657', 'ROSA', 'SEPULVEDA', 'NICASIO RETAMALES 190', 'ESTACION CENTRAL', 'SIN EMAIL', '9 73918717', 'RENDICIONES', '-33.45147', '-70.69012', '10.37', 1, NULL, '2020-09-13 02:57:40', '2020-09-13 02:57:40'),
(618, 2, NULL, '142772205', 'RUBEN', 'REYES', 'LAS ARAUCARIAS 1516', 'SAN BERNARDO', 'SIN EMAIL', '56430433', 'DESPACHO SB', '-33.61830', '-70.70642', '8.33', 1, NULL, '2020-09-13 02:57:40', '2020-09-13 02:57:40'),
(619, 2, NULL, '94026431', 'SERGIO', 'ALARCON', 'AV LOPEZ MATEO 01963', 'LO ESPEJO', 'SIN EMAIL', '66467354', 'PRODUCCION', '-33.52183', '-70.68128', '3.56', 1, NULL, '2020-09-13 02:57:40', '2020-09-13 02:57:40'),
(620, 2, NULL, '170976517', 'SERGIO', 'GUERRA', 'EL REFUGIO 01268', 'SAN BERNARDO', 'SIN EMAIL', '95761428', 'DESPACHO SB', '-33.57324', '-70.70981', '3.32', 1, NULL, '2020-09-13 02:57:40', '2020-09-13 02:57:40'),
(621, 2, NULL, '184553090', 'SERGIO', 'BERD', 'ANTONIO EBNER 1233', 'QUINTA NORMAL', 'SIN EMAIL', '89206289', 'MESA DE SERVICIO', '-33.43675', '-70.69646', '11.91', 1, NULL, '2020-09-13 02:57:40', '2020-09-13 02:57:40'),
(622, 2, NULL, '97887519', 'SERGIO', 'PARRA', 'SANTA RAQUEL 4460', 'LA FLORIDA', 'SIN EMAIL', '993024726', 'PRODUCCION', '-33.56332', '-70.59929', '10.47', 1, NULL, '2020-09-13 02:57:40', '2020-09-13 02:57:40'),
(623, 2, NULL, '167417256', 'VICTOR', 'FAUNDEZ', 'EMA SARMIENTO 780', 'SAN BERNARDO', 'SIN EMAIL', '956407418', 'DESPACHO SB', '-33.59849', '-70.67109', '7.10', 1, NULL, '2020-09-13 02:57:40', '2020-09-13 02:57:40'),
(624, 2, NULL, '162576666', 'VICTOR', 'BAUTISTA', 'AMERICA 625', 'SAN MIGUEL', 'SIN EMAIL', '92331561', 'DISTRIBUCION', '-33.51658', '-70.64354', '6.82', 1, NULL, '2020-09-13 02:57:40', '2020-09-13 02:57:40'),
(625, 2, NULL, '182787736', 'VICTOR', 'QUIÑILEN', 'ANGEL CRUCHAGA 9190', 'LO ESPEJO', 'SIN EMAIL', '93447611', 'PRODUCCION', '-33.52692', '-70.70266', '1.94', 1, NULL, '2020-09-13 02:57:40', '2020-09-13 02:57:40'),
(626, 2, NULL, '152724446', 'VIVIANA', 'CALISTO', 'ARA 2547', 'PUENTE ALTO', 'SIN EMAIL', '967294259', 'PRODUCCION', '-33.61842', '-70.60450', '12.83', 1, NULL, '2020-09-13 02:57:40', '2020-09-13 02:57:40'),
(627, 2, NULL, '180272097', 'YERKO', 'LEDESMA', 'LA VARA 02239', 'SAN BERNARDO', 'SIN EMAIL', '79109629', 'DESPACHO SB', '-33.56700', '-70.70739', '2.64', 1, NULL, '2020-09-13 02:57:40', '2020-09-13 02:57:40'),
(628, 2, NULL, '180207317', 'YERKO', 'ARRIAGADA', 'LAS VERTIENTES 02337', 'SAN BERNARDO', 'SIN EMAIL', '968474926', 'PRODUCCION', '-33.56957', '-70.70296', '2.98', 1, NULL, '2020-09-13 02:57:40', '2020-09-13 02:57:40'),
(629, 2, NULL, '141922211', 'MAURICIO', 'MEDINA', 'PTO GROSSE 623', 'SAN BERNARDO', 'SIN EMAIL', '999737568', 'PRODUCCION', '-33.60005', '-70.68849', '6.60', 1, NULL, '2020-09-13 02:57:40', '2020-09-13 02:57:40'),
(630, 2, NULL, '126621507', 'ALBERTO', 'GODOY', 'SANTA ISABEL 353', 'SANTIAGO', 'SIN EMAIL', '9 46542740', 'MESA DE SERVICIO', '-33.44851', '-70.63743', '12.49', 1, NULL, '2020-09-13 02:57:40', '2020-09-13 02:57:40'),
(631, 2, NULL, '18051497K', 'FELIPE', 'FREDES', 'SEIS PONIENTE 1421', 'PEDRO AGUIRRE CERDA', 'SIN EMAIL', '949014888', 'PRODUCCION', '-33.49931', '-70.69254', '5.15', 1, NULL, '2020-09-13 02:57:40', '2020-09-13 02:57:40'),
(632, 2, NULL, '176692634', 'MARCELO', 'TEJEDA', 'VALENZUELA LLANOS 8790 BLOCK 60', 'LO ESPEJO', 'SIN EMAIL', '999225448', 'DESPACHO SB', '-33.52271', '-70.69961', '2.48', 1, NULL, '2020-09-13 02:57:40', '2020-09-13 02:57:40'),
(633, 2, NULL, '164125920', 'JACOBO', 'MELLA', 'CALLE GENERAL NUEVA MACKENNA 543', 'PUENTE ALTO', 'SIN EMAIL', '996579938', 'PRODUCCION', '-33.60941', '-70.58958', '13.33', 1, NULL, '2020-09-13 02:57:40', '2020-09-13 02:57:40'),
(634, 2, NULL, '184807688', 'JOSE', 'PEREZ', 'ZARAGOZA 1861', 'LA PINTANA', 'SIN EMAIL', '961763938', 'PRODUCCION', '-33.56317', '-70.64522', '6.37', 1, NULL, '2020-09-13 02:57:40', '2020-09-13 02:57:40'),
(635, 2, NULL, '186274261', 'FELIPE', 'ARENAS', 'RIO TORMES 2921', 'PUENTE ALTO', 'SIN EMAIL', '959511324', 'PRODUCCION', '-33.58716', '-70.60743', '10.65', 1, NULL, '2020-09-13 02:57:40', '2020-09-13 02:57:40'),
(636, 2, NULL, '193105351', 'EXEQUIEL', 'FREZ', 'LAS PARCELAS 032', 'SAN BERNARDO', 'SIN EMAIL', '957610917', 'PRODUCCION', '-33.64746', '-70.66512', '12.28', 1, NULL, '2020-09-13 02:57:40', '2020-09-13 02:57:40'),
(637, 2, NULL, '180589643', 'FRANCISCO', 'FAJARDO', 'SANTO DOMINGO 514 B', 'SAN BERNARDO', 'SIN EMAIL', '978657512', 'PRODUCCION', '18.48606', '-69.93121', '5782.82', 1, NULL, '2020-09-13 02:57:41', '2020-09-13 02:57:41'),
(638, 2, NULL, '150347734', 'ANDRES', 'VILLAVICENCIO', 'PASAJE CONGO 1297', 'SAN BERNARDO', 'SIN EMAIL', '228563834', 'PRODUCCION', '-33.58576', '-70.71282', '4.72', 1, NULL, '2020-09-13 02:57:41', '2020-09-13 02:57:41'),
(639, 2, NULL, '174620741', 'EDUARDO', 'CONTRERAS', 'PADRE JOSE MONCADA 0540', 'SAN BERNARDO', 'SIN EMAIL', '967436190', 'PRODUCCION', '-33.61627', '-70.69108', '8.28', 1, NULL, '2020-09-13 02:57:41', '2020-09-13 02:57:41'),
(640, 2, NULL, '168672454', 'KEVIN', 'CASTRO', 'SANTA MERCEDES 13413 BLOCK 49', 'SAN BERNARDO', 'SIN EMAIL', '994119839', 'PRODUCCION', '-33.58544', '-70.67012', '5.95', 1, NULL, '2020-09-13 02:57:41', '2020-09-13 02:57:41'),
(641, 2, NULL, '239416578', 'JORGE', 'GONZALEZ', 'AV LIBERTADOR BERNARDO OHIGGINS 3477', 'ESTACION CENTRAL', 'SIN EMAIL', '953038606', 'PRODUCCION', '-33.45178', '-70.68272', '10.48', 1, NULL, '2020-09-13 02:57:41', '2020-09-13 02:57:41'),
(642, 2, NULL, '172320910', 'ISAAC', 'FLORES', 'JULIO CESAR GRAVERT 1945', 'SAN RAMON', 'SIN EMAIL', '991406450', 'PRODUCCION', '-33.55334', '-70.64182', '6.39', 1, NULL, '2020-09-13 02:57:41', '2020-09-13 02:57:41'),
(643, 2, NULL, '125045669', 'JUAN', 'MUÑOZ', 'PJE LEUCOTON 0225', 'LA PINTANA', 'SIN EMAIL', '989487103', 'PRODUCCION', '-33.57787', '-70.65240', '6.55', 1, NULL, '2020-09-13 02:57:41', '2020-09-13 02:57:41'),
(644, 2, NULL, '164240398', 'DANIEL', 'ORTIZ', 'PASAJE LOS ANGELES 11982', 'EL BOSQUE', 'SIN EMAIL', '98676455', 'PRODUCCION', '-33.57636', '-70.66843', '5.30', 1, NULL, '2020-09-13 02:57:41', '2020-09-13 02:57:41'),
(645, 2, NULL, '170736370', 'GONZALO', 'VILLEGAS', 'DIAGONAL JOSE MARIA CARO 3005', 'RECOLETA', 'SIN EMAIL', '987144402', 'MESA DE SERVICIO', '-33.39770', '-70.64975', '17.12', 1, NULL, '2020-09-13 02:57:41', '2020-09-13 02:57:41'),
(646, 2, NULL, '186761405', 'EMILIO', 'MENARES', 'GUACOLDA 6147', 'PEÑALOLEN', 'SIN EMAIL', '942003779', 'PRODUCCION', '-33.50999', '-70.56556', '13.87', 1, NULL, '2020-09-13 02:57:41', '2020-09-13 02:57:41'),
(647, 2, NULL, '18467212K', 'FELIPE', 'MADRID', 'LAS PALMAS 110', 'SAN BERNARDO', 'SIN EMAIL', '945274366', 'PRODUCCION', '-33.61960', '-70.69742', '8.55', 1, NULL, '2020-09-13 02:57:41', '2020-09-13 02:57:41'),
(648, 2, NULL, '174650063', 'JUAN', 'PRATT', 'JULIUS NERIERE 122', 'SAN BERNARDO', 'SIN EMAIL', '954892136', 'PRODUCCION', '-33.62526', '-70.70316', '9.12', 1, NULL, '2020-09-13 02:57:41', '2020-09-13 02:57:41'),
(649, 2, NULL, '10914455K', 'AROLDO', 'NARVAES', 'HUELQUELAO 1441', 'EL BOSQUE', 'SIN EMAIL', '96933339', 'PRODUCCION', '-33.55898', '-70.67875', '3.36', 1, NULL, '2020-09-13 02:57:41', '2020-09-13 02:57:41'),
(650, 2, NULL, '179034999', 'LORENZO', 'MIRANDA', 'PRESIDENTE GABRIEL GONZALES VIDELA 2565', 'MAIPU', 'SIN EMAIL', '974458736', 'SEGURIDAD', '-33.53729', '-70.78864', '7.34', 1, NULL, '2020-09-13 02:57:41', '2020-09-13 02:57:41'),
(651, 2, NULL, '167972888', 'NICOLAS', 'RIQUELME', 'PRIMAVERA 2066', 'PUENTE ALTO', 'SIN EMAIL', '977543644', 'MESA DE SERVICIO', '-33.59384', '-70.60380', '11.30', 1, NULL, '2020-09-13 02:57:41', '2020-09-13 02:57:41'),
(652, 2, NULL, '189001150', 'GABRIEL', 'CAMPOS', 'PASAJE 4 4469', 'PEDRO AGUIRRE CERDA', 'SIN EMAIL', '974005550', 'DESPACHO SB', '-33.49286', '-70.68809', '5.96', 1, NULL, '2020-09-13 02:57:41', '2020-09-13 02:57:41'),
(653, 2, NULL, '167167349', 'ALAN', 'JORQUERA', 'CHONCHI 14039', 'SAN BERNARDO', 'SIN EMAIL', '72657413', 'PRODUCCION', '-33.58997', '-70.67729', '5.99', 1, NULL, '2020-09-13 02:57:41', '2020-09-13 02:57:41'),
(654, 2, NULL, '192763002', 'DIEGO', 'HENRIQUE', 'PASAJE FLORIDA 948', 'SAN BERNARDO', 'SIN EMAIL', '945679049', 'DESPACHO SB', '-33.58652', '-70.70813', '4.80', 1, NULL, '2020-09-13 02:57:41', '2020-09-13 02:57:41'),
(655, 2, NULL, '107996761', 'MIGUEL', 'MONTECINO', 'LUIS FREZ MAGALLANES 3356', 'PUENTE ALTO', 'SIN EMAIL', '965649224', 'DESPACHO SB', '-33.57945', '-70.58685', '12.07', 1, NULL, '2020-09-13 02:57:41', '2020-09-13 02:57:41'),
(656, 2, NULL, '184998297', 'GABRIEL', 'RIOS', 'SANTA INES 1473', 'EL BOSQUE', 'SIN EMAIL', '957762856', 'DESPACHO SB', '-33.56837', '-70.65855', '5.50', 1, NULL, '2020-09-13 02:57:41', '2020-09-13 02:57:41'),
(657, 2, NULL, '175795529', 'DANIEL', 'RAMIREZ', 'LORENZO DE MEDICI 1702', 'PUENTE ALTO', 'SIN EMAIL', '975262244', 'DESPACHO SB', '-33.61861', '-70.59061', '13.84', 1, NULL, '2020-09-13 02:57:41', '2020-09-13 02:57:41'),
(658, 2, NULL, '249864803', 'GREGOIRE', 'ELVEUS', 'PEDRO ONCAS 671', 'SAN BERNARDO', 'SIN EMAIL', '983647079', 'DESPACHO SB', '-33.58513', '-70.68299', '5.26', 1, NULL, '2020-09-13 02:57:41', '2020-09-13 02:57:41'),
(659, 2, NULL, '198122793', 'BENJAMIN', 'RAMIREZ', 'ESTACION LA OBRA 3466', 'PUENTE ALTO', 'SIN EMAIL', '959386451', 'DESPACHO SB', '-33.62729', '-70.61839', '12.59', 1, NULL, '2020-09-13 02:57:41', '2020-09-13 02:57:41'),
(660, 2, NULL, '188795676', 'LUIS', 'PEREZ', 'EL SILO 2934', 'PUENTE ALTO', 'SIN EMAIL', '949646381', 'DISTRIBUCION', '-33.62631', '-70.60889', '13.12', 1, NULL, '2020-09-13 02:57:41', '2020-09-13 02:57:41'),
(661, 2, NULL, '249864781', 'NADENS', 'LORMEUS', 'PEDRO ONCAS 671', 'SAN BERNARDO', 'SIN EMAIL', '967055677', 'DESPACHO SB', '-33.58513', '-70.68299', '5.26', 1, NULL, '2020-09-13 02:57:41', '2020-09-13 02:57:41'),
(662, 2, NULL, '162973703', 'ARIEL', 'PLAZA', 'COOPERACION 6508', 'LO ESPEJO', 'SIN EMAIL', '954365751', 'DISTRIBUCION', '-33.50586', '-70.68789', '4.64', 1, NULL, '2020-09-13 02:57:41', '2020-09-13 02:57:41'),
(663, 2, NULL, '125630928', 'JEANNETTE', 'MARTINEZ', '3 ORIENTE 8319', 'LA GRANJA', 'SIN EMAIL', '982978264', 'SERVICIOS GENERALES', '-33.53800', '-70.61842', '8.48', 1, NULL, '2020-09-13 02:57:41', '2020-09-13 02:57:41'),
(664, 2, NULL, '189561482', 'YOVANKA', 'MARDONES', 'CERRO CHAPULUL PONIENTE 2346', 'PUENTE ALTO', 'SIN EMAIL', '979666806', 'CONTABILIDAD', '-33.59436', '-70.54729', '16.08', 1, NULL, '2020-09-13 02:57:41', '2020-09-13 02:57:41'),
(665, 2, NULL, '183281070', 'FABIOLA', 'ROJAS', 'CALLE 1° DE MAYO 3462', 'RENCA', 'SIN EMAIL', '961151220', 'CONTABILIDAD', '-33.41249', '-70.69419', '14.62', 1, NULL, '2020-09-13 02:57:41', '2020-09-13 02:57:41'),
(666, 2, NULL, '182109258', 'YARIPZA', 'ERAZO', 'VILUCO 164', 'PUDAHUEL', 'SIN EMAIL', '965788827', 'CONTABILIDAD', '-33.46594', '-70.74341', '9.15', 1, NULL, '2020-09-13 02:57:41', '2020-09-13 02:57:41'),
(667, 2, NULL, '80734514', 'MACARENA', 'CASTRO', 'CALLE 10', 'ÑUÑOA', 'SIN EMAIL', '984198088', 'CONTABILIDAD', '-33.47155', '-70.58386', '14.14', 1, NULL, '2020-09-13 02:57:41', '2020-09-13 02:57:41'),
(668, 2, NULL, '163410869', 'NATALY', 'ALLENDES', 'SALVADOR GUITIERREZ 6352', 'CERRO NAVIA', 'SIN EMAIL', '994077123', 'CONTABILIDAD', '-33.42121', '-70.72120', '13.62', 1, NULL, '2020-09-13 02:57:41', '2020-09-13 02:57:41'),
(669, 2, NULL, '190519015', 'CRISTIAN', 'JELDRES', 'AVENIDA DOMINGO TOCORNAL 0439', 'PUENTE ALTO', 'SIN EMAIL', '997162075', 'CONTABILIDAD', '-33.60223', '-70.57077', '14.44', 1, NULL, '2020-09-13 02:57:41', '2020-09-13 02:57:41'),
(670, 2, NULL, '155092386', 'CHRISTIAN', 'GONZALEZ', 'ANTONIO MACHADO 1214', 'LA PINTANA', 'SIN EMAIL', '956134407', 'CONTABILIDAD', '-33.56119', '-70.65615', '5.35', 1, NULL, '2020-09-13 02:57:41', '2020-09-13 02:57:41'),
(671, 2, NULL, '217689511', 'ALDO', 'MARQUEZ', 'MARIA ROZAS VELASQUEZ 447', 'QUINTA NORMAL', 'SIN EMAIL', '975728247', 'SERVICIOS GENERALES', '-33.44806', '-70.70707', '10.59', 1, NULL, '2020-09-13 02:57:41', '2020-09-13 02:57:41'),
(672, 2, NULL, '186745086', 'ALLAN', 'ESCOBAR', 'TACITO 5324', 'PEDRO AGUIRRE CERDA', 'SIN EMAIL', '954431815', 'DESPACHO SB', '-33.49550', '-70.67983', '6.00', 1, NULL, '2020-09-13 02:57:41', '2020-09-13 02:57:41'),
(673, 2, NULL, '167166024', 'JEAN', 'DILENARDO', 'URUGUAI 0629', 'PUENTE ALTO', 'SIN EMAIL', '968454630', 'DESPACHO SB', '-33.62127', '-70.58091', '14.74', 1, NULL, '2020-09-13 02:57:41', '2020-09-13 02:57:41'),
(674, 2, NULL, '249618020', 'MIGUEL', 'AGUDELO', 'AV ZAPADORES 411', 'RECOLETA', 'SIN EMAIL', '959237932', 'DESPACHO SB', '-33.39266', '-70.63383', '18.17', 1, NULL, '2020-09-13 02:57:41', '2020-09-13 02:57:41'),
(675, 2, NULL, '154522344', 'JONATHAN', 'MIRANDA', 'PASAJE ISLA TABON 2175', 'SAN BERNARDO', 'SIN EMAIL', '957567201', 'DESPACHO SB', '-33.64630', '-70.66270', '12.24', 1, NULL, '2020-09-13 02:57:41', '2020-09-13 02:57:41'),
(676, 2, NULL, '176640332', 'MIGUEL', 'PEREZ', 'CALLE TODOS LOS SANTOS 0636', 'EL BOSQUE', 'SIN EMAIL', '973126303', 'DESPACHO SB', '-33.54690', '-70.67835', '2.94', 1, NULL, '2020-09-13 02:57:41', '2020-09-13 02:57:41'),
(677, 2, NULL, '192948207', 'MIGUEL', 'MARDONES', 'ARACARI 366', 'MAIPU', 'SIN EMAIL', '947012923', 'SERVICIOS GENERALES', '-33.47402', '-70.74508', '8.37', 1, NULL, '2020-09-13 02:57:41', '2020-09-13 02:57:41'),
(678, 2, NULL, '94042542', 'CLAUDIA', 'ESPINOZA', '5 PONIENTE 1379', 'PEDRO AGUIRRE CERDA', 'SIN EMAIL', '981446960', 'GERENCIA', '-33.49752', '-70.69104', '5.38', 1, NULL, '2020-09-13 02:57:41', '2020-09-13 02:57:41'),
(679, 2, NULL, '163614227', 'JORGE', 'MENA', 'RIO LOA 0680', 'LA PINTANA', 'SIN EMAIL', '944246268', 'DISTRIBUCION', '-33.57567', '-70.65793', '6.00', 1, NULL, '2020-09-13 02:57:41', '2020-09-13 02:57:41'),
(680, 2, NULL, '174862427', 'CRISTIAN', 'MARDONES', 'VOLCAN QUETRUPILLAN 1218', 'SAN BERNARDO', 'SIN EMAIL', '958630539', 'PRODUCCION', '-33.59057', '-70.67361', '6.22', 1, NULL, '2020-09-13 02:57:41', '2020-09-13 02:57:41'),
(681, 2, NULL, '146886906', 'SEGUNDO', 'MARQUEZ', 'SALERNO 638', 'LO PRADO', 'SIN EMAIL', '994379923', 'SERVICIOS GENERALES', '-33.44533', '-70.70844', '10.90', 1, NULL, '2020-09-13 02:57:41', '2020-09-13 02:57:41'),
(682, 2, NULL, '178772457', 'JORGE', 'NORAMBUENA', 'YALE 6522', 'LO PRADO', 'SIN EMAIL', '993206356', 'DISTRIBUCION', '-33.45117', '-70.72892', '10.40', 1, NULL, '2020-09-13 02:57:41', '2020-09-13 02:57:41'),
(683, 2, NULL, '198788449', 'FRANCISCO', 'BASCUR', 'SUB TENIENTE PEREZ CANTO 6961', 'LA FLORIDA', 'SIN EMAIL', '953539134', 'DISTRIBUCION', '-33.51907', '-70.60949', '9.68', 1, NULL, '2020-09-13 02:57:41', '2020-09-13 02:57:41'),
(684, 2, NULL, '106924899', 'GINO', 'URRUTIA', 'STA MARTA 878', 'SAN BERNARDO', 'SIN EMAIL', '964894956', 'SERVICIOS GENERALES', '-33.58970', '-70.68140', '5.78', 1, NULL, '2020-09-13 02:57:41', '2020-09-13 02:57:41'),
(685, 2, NULL, '183259032', 'BRAYAN', 'CANALES', 'MONTE MERCEDARIO 900', 'QUILICURA', 'SIN EMAIL', '963327169', 'DESPACHO', '-33.35344', '-70.74908', '21.42', 1, NULL, '2020-09-13 02:57:41', '2020-09-13 02:57:41'),
(686, 2, NULL, '157864327', 'JOHANA', 'RAMOS', 'AVENIDA PUNTA ARENAS 8644', 'LA FLORIDA', 'SIN EMAIL', '963097013', 'DISTRIBUCION', '-33.53337', '-70.60977', '9.33', 1, NULL, '2020-09-13 02:57:41', '2020-09-13 02:57:41'),
(687, 2, NULL, '174852332', 'ROBERT', 'RAMSES', 'LOS MIRLOS 496', 'PUDAHUEL', 'SIN EMAIL', '9 79379949', 'DISTRIBUCION', '-33.45996', '-70.73664', '9.60', 1, NULL, '2020-09-13 02:57:41', '2020-09-13 02:57:41'),
(688, 2, NULL, '130946887', 'CESAR', 'BRAVO', 'AVENIDA FERROCARRIL BLOCK 24', 'LO ESPEJO', 'SIN EMAIL', '930761021', 'PRODUCCION', '-33.52082', '-70.68749', '3.25', 1, NULL, '2020-09-13 02:57:41', '2020-09-13 02:57:41'),
(689, 2, NULL, '163335212', 'JOSE', 'SAA', 'HOLANDA 3431', 'ÑUÑOA', 'SIN EMAIL', '97306069', 'SERVICIOS GENERALES', '-33.45026', '-70.59621', '14.76', 1, NULL, '2020-09-13 02:57:41', '2020-09-13 02:57:41'),
(690, 2, NULL, '180279342', 'SEBASTIAN', 'GALAZ', 'LAS GUAITECAS 1943', 'SAN BERNARDO', 'SIN EMAIL', '973462927', 'PRODUCCION', '-33.61275', '-70.70450', '7.73', 1, NULL, '2020-09-13 02:57:41', '2020-09-13 02:57:41'),
(691, 2, NULL, '230908281', 'JENIFER', 'BENITES', 'DRAMATURGO PEDRO DE LA BARRA 423', 'MAIPU', 'SIN EMAIL', '968145451', 'PRODUCCION', '-33.48891', '-70.76400', '7.87', 1, NULL, '2020-09-13 02:57:41', '2020-09-13 02:57:41'),
(692, 2, NULL, '185822893', 'SUSCELL', 'VERA', 'PADRE ALBERTO HURTADO 194', 'ESTACION CENTRAL', 'SIN EMAIL', '971410371', 'DISTRIBUCION', '-33.45607', '-70.68970', '9.88', 1, NULL, '2020-09-13 02:57:41', '2020-09-13 02:57:41'),
(693, 2, NULL, '180278672', 'DIEGO', 'GALLEGOS', 'BALMACEDA 1118', 'SAN BERNARDO', 'SIN EMAIL', '9 8372 7818', 'MESA SERVICIO', '-33.59389', '-70.67812', '6.33', 1, NULL, '2020-09-13 02:57:41', '2020-09-13 02:57:41'),
(694, 2, NULL, '78150378', 'JUAN', 'JIMENEZ', 'PTO RAUL RAMIREZ 7632', 'PUDAHUEL', 'SIN EMAIL', '944279864', 'PRODUCCION', '-33.46476', '-70.74437', '9.31', 1, NULL, '2020-09-13 02:57:41', '2020-09-13 02:57:41'),
(695, 2, NULL, '186079108', 'JOSE', 'OLIVER', 'LUIS DURAND 9495', 'SAN RAMON', 'SIN EMAIL', '958236200', 'DESPACHO SB', '-33.54869', '-70.63790', '6.68', 1, NULL, '2020-09-13 02:57:41', '2020-09-13 02:57:41'),
(696, 2, NULL, '180639373', 'PABLO', 'GAJARDO', 'LEON PRADO 537', 'SAN MIGUEL', 'SIN EMAIL', '9 69069663', 'RENDICIONES', '-33.50783', '-70.63999', '7.58', 1, NULL, '2020-09-13 02:57:41', '2020-09-13 02:57:41'),
(697, 2, NULL, '166417880', 'BENJAMIN', 'JELDES', 'NUEVA JOAQUIN RODRIGUEZ 7268', 'MACUL', 'SIN EMAIL', '9 73820280', 'RENDICIONES', '-33.49182', '-70.60776', '11.05', 1, NULL, '2020-09-13 02:57:41', '2020-09-13 02:57:41'),
(698, 2, NULL, '131436254', 'PAOLA', 'VILLAGRAN', 'VICUNA MACKENNA 2585', 'SAN JOAQUIN', 'SIN EMAIL', '9 75461192', 'RENDICIONES', '-33.47620', '-70.62320', '10.96', 1, NULL, '2020-09-13 02:57:41', '2020-09-13 02:57:41'),
(699, 2, NULL, '128733140', 'JOSE', 'CARCAMO', 'PJE MIRASOL 1338', 'PAINE', 'SIN EMAIL', '993683925', 'DESPACHO SB', '-33.81732', '-70.73907', '30.57', 1, NULL, '2020-09-13 02:57:41', '2020-09-13 02:57:41'),
(700, 2, NULL, '189393709', 'HECTOR', 'CISTERNAS', 'VAITEA 11980', 'SAN BERNARDO', 'SIN EMAIL', '954508043', 'DESPACHO SB', '-33.56281', '-70.70515', '2.20', 1, NULL, '2020-09-13 02:57:41', '2020-09-13 02:57:41'),
(701, 2, NULL, '243477646', 'JOSE', 'MENDEZ', 'HELIOTROPOS 6', 'EL BOSQUE', 'SIN EMAIL', '996977295', 'DESPACHO SB', '-33.54786', '-70.67017', '3.70', 1, NULL, '2020-09-13 02:57:41', '2020-09-13 02:57:41'),
(702, 2, NULL, '155081074', 'JOSE', 'REYES', 'PORTO SEGURO 4350', 'ESTACION CENTRAL', 'SIN EMAIL', '979049115', 'DESPACHO SB', '-33.44814', '-70.69401', '10.68', 1, NULL, '2020-09-13 02:57:41', '2020-09-13 02:57:41'),
(703, 2, NULL, '97372586', 'JOSE', 'VILLACURA', 'SANTA MERCEDES 15051', 'SAN BERNARDO', 'SIN EMAIL', '977391879', 'DESPACHO SB', '-33.60000', '-70.67477', '7.08', 1, NULL, '2020-09-13 02:57:41', '2020-09-13 02:57:41'),
(704, 2, NULL, '106468257', 'SERGIO', 'SERON', 'CINCO PINOS 0118', 'SAN BERNARDO', 'SIN EMAIL', '976824050', 'DESPACHO SB', '-33.62720', '-70.70077', '9.35', 1, NULL, '2020-09-13 02:57:41', '2020-09-13 02:57:41'),
(705, 2, NULL, '171882060', 'JORGE', 'GONZALEZ', 'SAN JOSE DE LA ESTRELLA 2243', 'LA FLORIDA', 'SIN EMAIL', '963204679', 'DESPACHO SB', '-33.55278', '-70.56739', '13.23', 1, NULL, '2020-09-13 02:57:41', '2020-09-13 02:57:41'),
(706, 2, NULL, '91515199', 'GUILLERMO', 'BELMAR', 'PEDRO LIRA 0946', 'LA GRANJA', 'SIN EMAIL', '974215953', 'DESPACHO SB', '-33.55197', '-70.61647', '8.70', 1, NULL, '2020-09-13 02:57:41', '2020-09-13 02:57:41'),
(707, 2, NULL, '253015675', 'JEAN', 'OLIVIER', 'CABILDO 7219', 'LA CISTERNA', 'SIN EMAIL', '972450896', 'DESPACHO SB', '-33.52188', '-70.66137', '5.08', 1, NULL, '2020-09-13 02:57:41', '2020-09-13 02:57:41'),
(708, 2, NULL, '197827254', 'CRISTIAN', 'LOBOS', 'LO BLANCO 1879', 'SAN BERNARDO', 'SIN EMAIL', '931301285', 'DESPACHO SB', '-33.57285', '-70.70759', '3.28', 1, NULL, '2020-09-13 02:57:41', '2020-09-13 02:57:41'),
(709, 2, NULL, '170236084', 'JULIAN', 'REY', 'CHAYAVIENTOS 2861', 'PUENTE ALTO', 'SIN EMAIL', '973705177', 'DESPACHO SB', '-33.58465', '-70.57105', '13.64', 1, NULL, '2020-09-13 02:57:41', '2020-09-13 02:57:41'),
(710, 2, NULL, '199191640', 'SEBASTIAN', 'AVILA', 'PASAJE ARA 254', 'PUENTE ALTO', 'SIN EMAIL', '951239677', 'DESPACHO SB', '-33.61871', '-70.60476', '12.83', 1, NULL, '2020-09-13 02:57:41', '2020-09-13 02:57:41'),
(711, 2, NULL, '178775804', 'PEDRO', 'RETAMAL', 'SALAR DE ASCOTAN 2259', 'PUENTE ALTO', 'SIN EMAIL', '944577671', 'MESA DE SERVICIO', '-33.59037', '-70.56454', '14.43', 1, NULL, '2020-09-13 02:57:41', '2020-09-13 02:57:41'),
(712, 2, NULL, '107818340', 'LUIS', 'CASTAÑEDA', 'PADRE PALOTINOS 2011', 'SAN BERNARDO', 'SIN EMAIL', '983796226', 'SERVICIOS GENERALES', '-33.62517', '-70.69698', '9.17', 1, NULL, '2020-09-13 02:57:41', '2020-09-13 02:57:41'),
(713, 2, NULL, '175897356', 'ROBERTO', 'QUEZADA', 'NUESTRA ILUSION 0184', 'BUIN', 'SIN EMAIL', '9 31285241', 'RENDICIONES', '-33.71282', '-70.74172', '19.06', 1, NULL, '2020-09-13 02:57:41', '2020-09-13 02:57:41'),
(714, 2, NULL, '181656891', 'HECTOR', 'VASQUEZ', 'LOS GERANIOS 9582', 'LA FLORIDA', 'SIN EMAIL', '967221517', 'DIRECCION TECNICA', '-33.54218', '-70.60842', '9.39', 1, NULL, '2020-09-13 02:57:41', '2020-09-13 02:57:41'),
(715, 2, NULL, '84435074', 'LUIS', 'SALAZAR', 'FERNANDEZ ALBANO 161', 'LA CISTERNA', 'SIN EMAIL', '962878597', 'SEGURIDAD', '-33.52441', '-70.65854', '5.19', 1, NULL, '2020-09-13 02:57:41', '2020-09-13 02:57:41'),
(716, 2, NULL, '134966513', 'JONATHAN', 'NUÑEZ', 'ALONSO ESCUDERO 794', 'SAN BERNARDO', 'SIN EMAIL', '961240498', 'DISTRIBUCION', '-33.58335', '-70.67933', '5.26', 1, NULL, '2020-09-13 02:57:41', '2020-09-13 02:57:41'),
(717, 2, NULL, '156274631', 'PAVEL', 'SANZ', 'LOS BARQUITOS 6140', 'PEÑALOLEN', 'SIN EMAIL', '9 76936330', 'MESA DE SERVICIO', '-33.50857', '-70.57804', '12.80', 1, NULL, '2020-09-13 02:57:41', '2020-09-13 02:57:41'),
(718, 2, NULL, '179076500', 'NICOLAS', 'PINO', 'LAGO CHUNGARA 1361', 'SAN BERNARDO', 'SIN EMAIL', '990889215', 'PRODUCCION', '-33.57662', '-70.71106', '3.70', 1, NULL, '2020-09-13 02:57:41', '2020-09-13 02:57:41'),
(719, 2, NULL, '132349916', 'ROBERTO', 'GALLARDO', 'JUAN CASTRO 1783', 'SAN BERNARDO', 'SIN EMAIL', '972655642', 'PRODUCCION', '-33.60019', '-70.67161', '7.24', 1, NULL, '2020-09-13 02:57:41', '2020-09-13 02:57:41'),
(720, 2, NULL, '126399782', 'ENRIQUE', 'CAMPOS', 'PJE CUATRO 4469', 'PEDRO AGUIRRE CERDA', 'SIN EMAIL', '974098802', 'PRODUCCION', '-33.49286', '-70.68809', '5.96', 1, NULL, '2020-09-13 02:57:41', '2020-09-13 02:57:41'),
(721, 2, NULL, '157483536', 'OSVALDO', 'FERNANDEZ', '4 OTE 6520', 'LO ESPEJO', 'SIN EMAIL', '967568392', 'PRODUCCION', '-33.51508', '-70.69049', '3.62', 1, NULL, '2020-09-13 02:57:41', '2020-09-13 02:57:41'),
(722, 2, NULL, '255996827', 'JERRY', 'ARREDONDO', 'COMPAÑIA DE JESUS 1716', 'SANTIAGO', 'SIN EMAIL', '933981396', 'MESA DE SERVICIO', '-33.43959', '-70.66115', '12.38', 1, NULL, '2020-09-13 02:57:41', '2020-09-13 02:57:41'),
(723, 2, NULL, '169029431', 'NELSON', 'SALAS', 'SANDRO ESCALONA 370', 'SAN BERNARDO', 'SIN EMAIL', '945079244', 'PRODUCCION', '-33.58069', '-70.68639', '4.68', 1, NULL, '2020-09-13 02:57:41', '2020-09-13 02:57:41'),
(724, 2, NULL, '246909555', 'HENRY', 'PEREZ', 'FRANCISCO SILVA 1269', 'RECOLETA', 'SIN EMAIL', '983474350', 'PRODUCCION', '-33.41835', '-70.63766', '15.42', 1, NULL, '2020-09-13 02:57:41', '2020-09-13 02:57:41'),
(725, 2, NULL, '170656571', 'MATIAS', 'CONCHA', 'LOS LIRIOS 777', 'PUENTE ALTO', 'SIN EMAIL', '949618102', 'MESA DE SERVICIO', '-33.62429', '-70.58265', '14.81', 1, NULL, '2020-09-13 02:57:41', '2020-09-13 02:57:41'),
(726, 2, NULL, '186117840', 'EDUARDO', 'CACERES', 'EL OLIMPO 2720', 'MAIPU', 'SIN EMAIL', '979386992', 'PRODUCCION', '-33.50346', '-70.77585', '7.56', 1, NULL, '2020-09-13 02:57:41', '2020-09-13 02:57:41'),
(727, 2, NULL, '254214698', 'SONY', 'DEUS', 'AVDA LO BLANCO 1589', 'SAN BERNARDO', 'SIN EMAIL', '954969786', 'SERVICIOS GENERALES', '-33.58419', '-70.66905', '5.90', 1, NULL, '2020-09-13 02:57:41', '2020-09-13 02:57:41'),
(728, 2, NULL, '187944880', 'MANUEL', 'LAZO', 'DEIDAMIA ZELADA 2121', 'BUIN', 'SIN EMAIL', '9 89067347', 'PRODUCCION', '-33.73254', '-70.76263', '21.58', 1, NULL, '2020-09-13 02:57:41', '2020-09-13 02:57:41'),
(729, 2, NULL, '177767131', 'DANIEL', 'ESCOBAR', 'LA SIERRA 0635', 'LA GRANJA', 'SIN EMAIL', '9 55356121', 'PRODUCCION', '-33.54329', '-70.61858', '8.45', 1, NULL, '2020-09-13 02:57:41', '2020-09-13 02:57:41'),
(730, 2, NULL, '146154751', 'ROBERTO', 'FONSECA', 'MAYOR SATURDINO RETAMALES 13731', 'LA PINTANA', 'SIN EMAIL', '930226115', 'ALMACENAMIENTO', '-33.59061', '-70.60983', '10.64', 1, NULL, '2020-09-13 02:57:41', '2020-09-13 02:57:41'),
(731, 2, NULL, '182222917', 'ISAAC', 'TOLEDO', 'NICANOR PLAZA 1077', 'SAN BERNARDO', 'SIN EMAIL', '971918057', 'PRODUCCION', '-33.60188', '-70.68110', '7.02', 1, NULL, '2020-09-13 02:57:41', '2020-09-13 02:57:41');
INSERT INTO `codificaciones` (`id`, `sucursal_id`, `grupo_patron_id`, `rut`, `nombre`, `apellido`, `direccion`, `comuna`, `email`, `telefono`, `centro_costo`, `lat`, `lng`, `distancia`, `habilitado`, `comentario`, `created_at`, `updated_at`) VALUES
(732, 2, NULL, '168777183', 'CHRISTIAN', 'BARRA', 'LOS SIDERURGICOS 681', 'SAN BERNARDO', 'SIN EMAIL', '968113428', 'PRODUCCION', '-33.57552', '-70.70030', '3.68', 1, NULL, '2020-09-13 02:57:41', '2020-09-13 02:57:41'),
(733, 2, NULL, '179279150', 'MATIAS', 'YAÑEZ', 'GENERAL BARCELO LIRA 1635', 'SAN RAMON', 'SIN EMAIL', '978320965', 'QA', '-33.54274', '-70.64737', '5.78', 1, NULL, '2020-09-13 02:57:41', '2020-09-13 02:57:41'),
(734, 2, NULL, '260567756', 'JOAHAN', 'IDLER', 'CLAUDIO GAY 1728', 'SANTIAGO', 'SIN EMAIL', '9 95133815', 'RENDICIONES', '-33.45419', '-70.65898', '10.97', 1, NULL, '2020-09-13 02:57:41', '2020-09-13 02:57:41'),
(735, 2, NULL, '154212027', 'BARBARA', 'TELLO', 'PJE RICARDO VIAL 8119', 'LO PRADO', 'SIN EMAIL', '957211771', 'CENTRAL DE MONITOREO', '-33.44111', '-70.73909', '11.68', 1, NULL, '2020-09-13 02:57:41', '2020-09-13 02:57:41'),
(736, 2, NULL, '184809079', 'FRANCO', 'RODRIGUEZ', 'LA ZAMPOÑA 1367', 'PUENTE ALTO', 'SIN EMAIL', '9 74993731', 'ALMACENAMIENTO', '-33.63074', '-70.62282', '12.61', 1, NULL, '2020-09-13 02:57:41', '2020-09-13 02:57:41'),
(737, 2, NULL, '196352244', 'NICOLAS', 'SOTO', 'AV LO BLANCO CON PEÑABLANCA 1064', 'EL BOSQUE', 'SIN EMAIL', '972519778', 'ALMACENAMIENTO', '-33.58313', '-70.67329', '5.56', 1, NULL, '2020-09-13 02:57:41', '2020-09-13 02:57:41'),
(738, 2, NULL, '193186130', 'FRANCISCO', 'AVILA', 'ALMIRANTE NELSON 481', 'MAIPU', 'SIN EMAIL', '940903857', 'ALMACENAMIENTO', '-33.54160', '-70.76988', '5.57', 1, NULL, '2020-09-13 02:57:41', '2020-09-13 02:57:41'),
(739, 2, NULL, '171359171', 'JOSE', 'ARREDONDO', 'SANTOS DUMONT 815', 'RECOLETA', 'SIN EMAIL', '9 8724 7473', 'RICARDO LOPEZ', '-33.42115', '-70.64921', '14.70', 1, NULL, '2020-09-13 02:57:41', '2020-09-13 02:57:41'),
(740, 2, NULL, '180220518', 'RICARDO', 'LOPEZ', 'VENTURA BLANCO VIEL 1140', 'SAN MIGUEL', 'SIN EMAIL', '9 78374532', 'JORGE ALCAINO', '-33.49622', '-70.65372', '7.38', 1, NULL, '2020-09-13 02:57:41', '2020-09-13 02:57:41'),
(741, 2, NULL, '186289080', 'JUAN', 'LEPUMAN', 'ALLIPEN 6143', 'PEDRO AGUIRRE CERDA', 'SIN EMAIL', '949026860', 'ALMACENAMIENTO', '-33.50694', '-70.67284', '5.30', 1, NULL, '2020-09-13 02:57:41', '2020-09-13 02:57:41'),
(742, 2, NULL, '195650608', 'ARIEL', 'ANRIQUEZ', 'PASAJE ESTERO QUEMPO 1709', 'PADRE HURTADO', 'SIN EMAIL', '959569430', 'ALMACENAMIENTO', '-33.58315', '-70.80644', '9.98', 1, NULL, '2020-09-13 02:57:41', '2020-09-13 02:57:41'),
(743, 2, NULL, '198789194', 'CARLOS', 'AVELLO', 'NIEBLA 12993', 'LA PINTANA', 'SIN EMAIL', '986721922', 'ECOMMERCE', '-33.58503', '-70.63542', '8.30', 1, NULL, '2020-09-13 02:57:41', '2020-09-13 02:57:41'),
(744, 2, NULL, '169181454', 'JUAN', 'VASQUEZ', 'GRAN AVENIDA 11580', 'EL BOSQUE', 'SIN EMAIL', '95481816', 'DESPACHO SB', '-33.56323', '-70.68169', '3.41', 1, NULL, '2020-09-13 02:57:41', '2020-09-13 02:57:41'),
(745, 2, NULL, '257074161', 'CHRISIAN', 'BIANCHI', 'MARTIN DE ARIZA 361', 'SAN BERNARDO', 'SIN EMAIL', '968174135', 'SERGIO ESPINOZA', '-33.58127', '-70.68747', '4.69', 1, NULL, '2020-09-13 02:57:41', '2020-09-13 02:57:41'),
(746, 2, NULL, '268368558', 'REMY', 'PERDOMO', 'GUARDIA MARINA RIQUELME 4861', 'SAN MIGUEL', 'SIN EMAIL', '972991995', 'ALMACENAMIENTO', '-33.49617', '-70.65740', '7.15', 1, NULL, '2020-09-13 02:57:41', '2020-09-13 02:57:41'),
(747, 2, NULL, '140926639', 'OSCAR', 'CARRASCO', 'ALFONSO DONOSO 593', 'SAN BERNARDO', 'SIN EMAIL', '959658618', 'CATALINA ALVAREZ', '-33.60466', '-70.70904', '6.81', 1, NULL, '2020-09-13 02:57:41', '2020-09-13 02:57:41'),
(748, 2, NULL, '199154109', 'LUIS', 'CAÑETE', 'EL ALARIFE 13789', 'SAN BERNARDO', 'SIN EMAIL', '930337001', 'CATALINA ALVAREZ', '-33.58613', '-70.68035', '5.48', 1, NULL, '2020-09-13 02:57:41', '2020-09-13 02:57:41'),
(749, 2, NULL, '187945291', 'MARCELO', 'HERNANDEZ', 'FRANCISCO ANTONIO ENCINA NTE 1469', 'SAN BERNARDO', 'SIN EMAIL', '969018291', 'ALMACENAMIENTO', '-33.60167', '-70.67557', '7.21', 1, NULL, '2020-09-13 02:57:41', '2020-09-13 02:57:41'),
(750, 2, NULL, '170532309', 'ADOLFO', 'OLIVARES', 'LOS PICUNCHES 01541', 'PUENTE ALTO', 'SIN EMAIL', '954680165', 'ALMACENAMIENTO', '-33.60005', '-70.55778', '15.42', 1, NULL, '2020-09-13 02:57:41', '2020-09-13 02:57:41'),
(751, 2, NULL, '266811772', 'KELVIN', 'PETIT', 'MARCELA PAZ 02212', 'PUENTE ALTO', 'SIN EMAIL', '971465264', 'CATALINA ALVAREZ', '-33.57825', '-70.55824', '14.56', 1, NULL, '2020-09-13 02:57:41', '2020-09-13 02:57:41'),
(752, 2, NULL, '194510187', 'JOAQUIN', 'NAVARRO', 'URUGUAY 029', 'PUENTE ALTO', 'SIN EMAIL', 'SN', 'CATALINA ALVAREZ', '-33.61369', '-70.58203', '14.18', 1, NULL, '2020-09-13 02:57:41', '2020-09-13 02:57:41'),
(753, 2, NULL, '130855210', 'MOISES', 'OLIVEROS', 'LUIS URIBE 6844', 'LA GRANJA', 'SIN EMAIL', '966257989', 'ALMACENAMIENTO', '-33.52417', '-70.62953', '7.73', 1, NULL, '2020-09-13 02:57:41', '2020-09-13 02:57:41'),
(754, 2, NULL, '18626925K', 'JEAN', 'ESCOBEDO', 'EDUARDO CORDERO 01442', 'PUENTE ALTO', 'SIN EMAIL', '963412008', 'ALMACENAMIENTO', '-33.60372', '-70.55779', '15.59', 1, NULL, '2020-09-13 02:57:41', '2020-09-13 02:57:41'),
(755, 2, NULL, '193836771', 'JORGE', 'REBOLLEDO', 'MANUEL BLANCO MARTIN 15199', 'SAN BERNARDO', 'SIN EMAIL', '974741031', 'CATALINA ALVAREZ', '-33.60054', '-70.67624', '7.07', 1, NULL, '2020-09-13 02:57:41', '2020-09-13 02:57:41'),
(756, 2, NULL, '154800166', 'TERESA', 'PALACIO', 'JUAN FRANCISCO GONZALEZ 8750', 'LO ESPEJO', 'SIN EMAIL', '983664169', 'CATALINA ALVAREZ', '-33.52275', '-70.70347', '2.36', 1, NULL, '2020-09-13 02:57:41', '2020-09-13 02:57:41'),
(757, 2, NULL, '184407477', 'KEVIN', 'AREVALO', 'EL CARIBE 6164', 'LO ESPEJO', 'SIN EMAIL', '972658854', 'CATALINA ALVAREZ', '-33.51875', '-70.69290', '3.15', 1, NULL, '2020-09-13 02:57:41', '2020-09-13 02:57:41'),
(758, 2, NULL, '121768127', 'JOSE', 'REYES', 'PDTE FIGUEROA 664', 'PADRE HURTADO', 'SIN EMAIL', '987784332', 'CATALINA ALVAREZ', '-33.56312', '-70.81946', '10.39', 1, NULL, '2020-09-13 02:57:41', '2020-09-13 02:57:41'),
(759, 2, NULL, '259584507', 'CHARLES', 'APONTE', 'EYZAGUIRRE 766', 'SANTIAGO', 'SIN EMAIL', '9 6330 3924', 'CATALINA ALVAREZ', '-33.45224', '-70.64589', '11.73', 1, NULL, '2020-09-13 02:57:41', '2020-09-13 02:57:41'),
(760, 2, NULL, '270036392', 'LUIS', 'PADILLA', 'AV LIBERTADOR BERNARDO OHIGGINS 4272', 'ESTACION CENTRAL', 'SIN EMAIL', '9 6119 3743', 'CATALINA ALVAREZ', '-33.45537', '-70.69403', '9.89', 1, NULL, '2020-09-13 02:57:41', '2020-09-13 02:57:41'),
(761, 2, NULL, '256772140', 'LUIS', 'RODRIGUES', 'COLON 1377', 'INDEPENDENCIA', 'SIN EMAIL', '992698136', 'CATALINA ALVAREZ', '-33.42235', '-70.65801', '14.28', 1, NULL, '2020-09-13 02:57:41', '2020-09-13 02:57:41'),
(762, 2, NULL, '255878697', 'ODMIL', 'MOMPREMIER', 'COMBARBALA 0465', 'LA GRANJA', 'SIN EMAIL', '991071766', 'CATALINA ALVAREZ', '-33.53000', '-70.62451', '8.04', 1, NULL, '2020-09-13 02:57:41', '2020-09-13 02:57:41'),
(763, 2, NULL, '193692508', 'CRISTIAN', 'MORALES', 'SANTA MARTA 9599', 'PUDAHUEL', 'SIN EMAIL', '942535010', 'ALMACENAMIENTO', '-33.43087', '-70.76982', '13.68', 1, NULL, '2020-09-13 02:57:41', '2020-09-13 02:57:41'),
(764, 2, NULL, '170996089', 'SEBASTIAN', 'ULLOA', 'SEBASTIAN CABOT 14000', 'SAN BERNARDO', 'SIN EMAIL', '934404874', 'CATALINA ALVAREZ', '-33.58730', '-70.68299', '5.48', 1, NULL, '2020-09-13 02:57:41', '2020-09-13 02:57:41'),
(765, 2, NULL, '167940269', 'CAMILO', 'ORTEGA', 'SEMINARIO 1617', 'ÑUÑOA', 'SIN EMAIL', '964620196', 'JEFE DE SEGURIDAD TRANSPORTE', '-33.45932', '-70.62544', '12.18', 1, NULL, '2020-09-13 02:57:41', '2020-09-13 02:57:41'),
(766, 2, NULL, '139643437', 'CARLOS', 'OPORTO', 'RQMON SERRANO MONTANER 2023', 'MELIPILLA', 'SIN EMAIL', '994722292', 'JEFE DE SEGURIDAD TRANSPORTE', '-33.68587', '-71.21805', '49.63', 1, NULL, '2020-09-13 02:57:41', '2020-09-13 02:57:41'),
(767, 2, NULL, '106896038', 'CARLOS', 'TORRES', 'RODRIGO DE TRIANA 688', 'PEÑAFLOR', 'SIN EMAIL', '973049874', 'JEFE DE SEGURIDAD TRANSPORTE', '-33.60395', '-70.86087', '15.53', 1, NULL, '2020-09-13 02:57:41', '2020-09-13 02:57:41'),
(768, 2, NULL, '116671808', 'CARLOS', 'MUÑOZ', 'GENERAL ARRIAGADA 0525', 'LA PINTANA', 'SIN EMAIL', '964483140', 'JEFE DE SEGURIDAD TRANSPORTE', '-33.56268', '-70.62327', '8.29', 1, NULL, '2020-09-13 02:57:41', '2020-09-13 02:57:41'),
(769, 2, NULL, '130778372', 'CLAUDIO', 'BARRALES', 'TRANSVERSAL 2774', 'ÑUÑOA', 'SIN EMAIL', '963339687', 'JEFE DE SEGURIDAD TRANSPORTE', '-33.45667', '-70.59784', '14.16', 1, NULL, '2020-09-13 02:57:41', '2020-09-13 02:57:41'),
(770, 2, NULL, '156045055', 'CLAUDIO', 'ARRIAGADA', 'TITAN 4900', 'ESTACION CENTRAL', 'SIN EMAIL', '944820121', 'JEFE DE SEGURIDAD TRANSPORTE', '-33.45935', '-70.70341', '9.36', 1, NULL, '2020-09-13 02:57:41', '2020-09-13 02:57:41'),
(771, 2, NULL, '90663860', 'DIOGENES', 'FERNANDEZ', 'GAMERO 1541', 'INDEPENDENCIA', 'SIN EMAIL', '987132970', 'JEFE DE SEGURIDAD TRANSPORTE', '-33.42088', '-70.66151', '14.33', 1, NULL, '2020-09-13 02:57:41', '2020-09-13 02:57:41'),
(772, 2, NULL, '14442624K', 'GABRIEL', 'SAN MARTIN', 'CORONA AUSTRAL 8138', 'LO ESPEJO', 'SIN EMAIL', '964822616', 'JEFE DE SEGURIDAD TRANSPORTE', '-33.52484', '-70.69280', '2.59', 1, NULL, '2020-09-13 02:57:41', '2020-09-13 02:57:41'),
(773, 2, NULL, '90054570', 'GUILLERMO', 'MATTHIES', 'ESMERALDA 824BLOCK 7', 'LO PRADO', 'SIN EMAIL', '995014543', 'JEFE DE SEGURIDAD TRANSPORTE', '-33.44427', '-70.72335', '11.09', 1, NULL, '2020-09-13 02:57:41', '2020-09-13 02:57:41'),
(774, 2, NULL, '198585289', 'GUSTAVO', 'POBLETE', 'CABO DE HORNOS 942', 'ESTACION CENTRAL', 'SIN EMAIL', '953847987', 'JEFE DE SEGURIDAD TRANSPORTE', '-33.47105', '-70.70059', '8.08', 1, NULL, '2020-09-13 02:57:41', '2020-09-13 02:57:41'),
(775, 2, NULL, '99964820', 'HUMBERTO', 'OJEDA', 'SAN PABLO 1539', 'SANTIAGO', 'SIN EMAIL', '944379377', 'JEFE DE SEGURIDAD TRANSPORTE', '-33.43426', '-70.65927', '13.00', 1, NULL, '2020-09-13 02:57:41', '2020-09-13 02:57:41'),
(776, 2, NULL, '118347501', 'JAVIER', 'CASTILLO', 'LEONEL CALCAGNI 421', 'MAIPU', 'SIN EMAIL', '976973766', 'JEFE DE SEGURIDAD TRANSPORTE', '-33.48647', '-70.75725', '7.70', 1, NULL, '2020-09-13 02:57:41', '2020-09-13 02:57:41'),
(777, 2, NULL, '135658294', 'JOSE', 'AGUAYO', 'PJE 39 2010', 'CONCHALI', 'SIN EMAIL', '930315370', 'JEFE DE SEGURIDAD TRANSPORTE', '-33.37241', '-70.69175', '19.07', 1, NULL, '2020-09-13 02:57:41', '2020-09-13 02:57:41'),
(778, 2, NULL, '88630750', 'JOSE', 'ACEVEDO', 'MANUTARA 9225', 'LA FLORIDA', 'SIN EMAIL', '962927995', 'JEFE DE SEGURIDAD TRANSPORTE', '-33.54090', '-70.59629', '10.52', 1, NULL, '2020-09-13 02:57:41', '2020-09-13 02:57:41'),
(779, 2, NULL, '96051190', 'JUAN', 'GALVEZ', 'LA CONCEPCION 2040', 'SAN RAMON', 'SIN EMAIL', '950013800', 'JEFE DE SEGURIDAD TRANSPORTE', '-33.54013', '-70.63578', '6.86', 1, NULL, '2020-09-13 02:57:42', '2020-09-13 02:57:42'),
(780, 2, NULL, '118415507', 'JUAN', 'MONSALVE', 'LOS CIRUELOS 565', 'HUECHURABA', 'SIN EMAIL', '964756829', 'JEFE DE SEGURIDAD TRANSPORTE', '-33.36678', '-70.63259', '20.89', 1, NULL, '2020-09-13 02:57:42', '2020-09-13 02:57:42'),
(781, 2, NULL, '92264351', 'LARRY', 'BERRIOS', 'NICOLAS GUZMAN 937', 'SAN BERNARDO', 'SIN EMAIL', '979553173', 'JEFE DE SEGURIDAD TRANSPORTE', '-33.59964', '-70.70835', '6.26', 1, NULL, '2020-09-13 02:57:42', '2020-09-13 02:57:42'),
(782, 2, NULL, '238021731', 'LEONARDO', 'PUERTA', 'LORD COCHRANE 220', 'SANTIAGO', 'SIN EMAIL', '982071081', 'JEFE DE SEGURIDAD TRANSPORTE', '-33.44921', '-70.65426', '11.66', 1, NULL, '2020-09-13 02:57:42', '2020-09-13 02:57:42'),
(783, 2, NULL, '166788617', 'LEONARDO', 'VIDAL', 'VITAL 4900 EDIFICIO EL AROMO 907', 'ESTACION CENTRAL', 'SIN EMAIL', '963432333', 'JEFE DE SEGURIDAD TRANSPORTE', '-33.46192', '-70.69851', '9.11', 1, NULL, '2020-09-13 02:57:42', '2020-09-13 02:57:42'),
(784, 2, NULL, '75308132', 'LUIS', 'GARCES', 'NEPTUNO 2235', 'QUINTA NORMAL', 'SIN EMAIL', '954239173', 'JEFE DE SEGURIDAD TRANSPORTE', '-33.41740', '-70.71679', '14.01', 1, NULL, '2020-09-13 02:57:42', '2020-09-13 02:57:42'),
(785, 2, NULL, '168008805', 'MARCELO', 'CANTILLANA', 'PEDRO LEON UGALDE 864', 'QUINTA NORMAL', 'SIN EMAIL', '986803116', 'JEFE DE SEGURIDAD TRANSPORTE', '-33.44228', '-70.69944', '11.28', 1, NULL, '2020-09-13 02:57:42', '2020-09-13 02:57:42'),
(786, 2, NULL, '169777934', 'MATIAS', 'LUCERO', 'VOLCAN TINGUIRIRICA 851', 'LAMPA', 'SIN EMAIL', '936308141', 'JEFE DE SEGURIDAD TRANSPORTE', '-34.81694', '-70.35333', '145.28', 1, NULL, '2020-09-13 02:57:42', '2020-09-13 02:57:42'),
(787, 2, NULL, '226063668', 'MAURO', 'BERNAL', 'LOS ROBLES 871', 'PUENTE ALTO', 'SIN EMAIL', '971214799', 'JEFE DE SEGURIDAD TRANSPORTE', '-33.59107', '-70.58998', '12.29', 1, NULL, '2020-09-13 02:57:42', '2020-09-13 02:57:42'),
(788, 2, NULL, '173408331', 'NELSON', 'MORALES', 'ARAUCO 1182', 'RENCA', 'SIN EMAIL', '948592988', 'JEFE DE SEGURIDAD TRANSPORTE', '-33.40934', '-70.69880', '14.93', 1, NULL, '2020-09-13 02:57:42', '2020-09-13 02:57:42'),
(789, 2, NULL, '10642084K', 'ORLANDO', 'CANALES', 'ERNESTO PEÑA 4310', 'CONCHALI', 'SIN EMAIL', '930996060', 'JEFE DE SEGURIDAD TRANSPORTE', '-33.38179', '-70.65969', '18.55', 1, NULL, '2020-09-13 02:57:42', '2020-09-13 02:57:42'),
(790, 2, NULL, '102120175', 'PATRICIO', 'GUZMAN', 'TOQUI GALVARINO 3970', 'RECOLETA', 'SIN EMAIL', '957525765', 'JEFE DE SEGURIDAD TRANSPORTE', '-33.38897', '-70.64111', '18.30', 1, NULL, '2020-09-13 02:57:42', '2020-09-13 02:57:42'),
(791, 2, NULL, '113884681', 'VICTOR', 'JARA', 'JOSE JOAQUN PRIETO 3840', 'LA CISTERNA', 'SIN EMAIL', '961323479', 'JEFE DE SEGURIDAD TRANSPORTE', '-33.48720', '-70.65951', '7.79', 1, NULL, '2020-09-13 02:57:42', '2020-09-13 02:57:42'),
(792, 2, NULL, '165723228', 'FRANCISCO', 'CASTILLO', 'CALETA BRAVA 01327', 'PUENTE ALTO', 'SIN EMAIL', '968766485', 'ALMACENAMIENTO', '-33.59871', '-70.56012', '15.16', 1, NULL, '2020-09-13 02:57:42', '2020-09-13 02:57:42'),
(793, 2, NULL, '136072471', 'PABLO', 'ROCHA', 'LOS LIBERTADORES 7300', 'CERRILLOS', 'SIN EMAIL', '985628457', 'WILLIAN COOPER', '-33.50660', '-70.70946', '4.09', 1, NULL, '2020-09-13 02:57:42', '2020-09-13 02:57:42'),
(794, 2, NULL, '195595860', 'MAXIMILIANO', 'PINTO', 'DARIO PEÑALOZA ZUÑIGA 2776', 'SAN BERNARDO', 'SIN EMAIL', '972546523', 'ALMACENAMIENTO', '-33.62492', '-70.69805', '9.13', 1, NULL, '2020-09-13 02:57:42', '2020-09-13 02:57:42'),
(795, 2, NULL, '185379299', 'RAFAEL', 'CRUZ', 'OROMPELLO 2317', 'MAIPU', 'SIN EMAIL', '999886433', 'ALMACENAMIENTO', '-33.50462', '-70.77164', '7.17', 1, NULL, '2020-09-13 02:57:42', '2020-09-13 02:57:42'),
(796, 2, NULL, '164178641', 'CRISTIAN', 'VASQUEZ', 'DUCAUD 15240', 'SAN BERNARDO', 'SIN EMAIL', '933557650', 'ALMACENAMIENTO', '-33.59949', '-70.68379', '6.69', 1, NULL, '2020-09-13 02:57:42', '2020-09-13 02:57:42'),
(797, 2, NULL, '122508315', 'ALEXIS', 'CARRASCO', 'QUEBRADA SECA 2839', 'PUENTE ALTO', 'SIN EMAIL', '942008503', 'ALMACENAMIENTO', '-33.62690', '-70.60669', '13.31', 1, NULL, '2020-09-13 02:57:42', '2020-09-13 02:57:42'),
(798, 2, NULL, '160693118', 'IGNACIO', 'GODOY', 'GUILLERMO FRANKE 819', 'ESTACION CENTRAL', 'SIN EMAIL', '984782293', 'CATALINA ALVAREZ', '-33.47037', '-70.69746', '8.19', 1, NULL, '2020-09-13 02:57:42', '2020-09-13 02:57:42'),
(799, 2, NULL, '109855111', 'ALAN', 'ARENAS', 'PASAJE ALQUIMIA 2963', 'MAIPU', 'SIN EMAIL', '999080624', 'CATALINA ALVAREZ', '-33.54453', '-70.79039', '7.47', 1, NULL, '2020-09-13 02:57:42', '2020-09-13 02:57:42'),
(800, 2, NULL, '166983851', 'JUAN', 'ILLANES', 'BUIN 8381', 'SAN RAMON', 'SIN EMAIL', '930683872', 'CATALINA ALVAREZ', '-33.53596', '-70.63610', '6.87', 1, NULL, '2020-09-13 02:57:42', '2020-09-13 02:57:42'),
(801, 2, NULL, '155445378', 'MAURICIO', 'GAETE', 'PASAJE 5 SUR 5001', 'LO ESPEJO', 'SIN EMAIL', '957715022', 'CATALINA ALVAREZ', '-33.50936', '-70.69063', '4.17', 1, NULL, '2020-09-13 02:57:42', '2020-09-13 02:57:42'),
(802, 2, NULL, '191740904', 'IVAN', 'GUTIERREZ', 'CERRO CIRCULAR 14875', 'SAN BERNARDO', 'SIN EMAIL', '942085095', 'CATALINA ALVAREZ', '-33.59845', '-70.67267', '7.02', 1, NULL, '2020-09-13 02:57:42', '2020-09-13 02:57:42'),
(803, 2, NULL, '18407964K', 'DIEGO', 'PADILLA', 'MAR DE LOS SARGAZOS 2060', 'SAN BERNARDO', 'SIN EMAIL', '963553444', 'ALMACENAMIENTO', '-33.61638', '-70.70029', '8.16', 1, NULL, '2020-09-13 02:57:42', '2020-09-13 02:57:42'),
(804, 2, NULL, '178327208', 'JORGE', 'FARIAS', 'CAPRICORNIO 9901', 'EL BOSQUE', 'SIN EMAIL', '988115327', 'WILLIAM COOPER', '-33.54651', '-70.68748', '2.09', 1, NULL, '2020-09-13 02:57:42', '2020-09-13 02:57:42'),
(805, 2, NULL, '251826129', 'CARLOS', 'QUIROZ', 'COMBARBALA 0449', 'LA GRANJA', 'SIN EMAIL', '986742450', 'CATALINA ALVAREZ', '-33.53021', '-70.62510', '7.98', 1, NULL, '2020-09-13 02:57:42', '2020-09-13 02:57:42'),
(806, 2, NULL, '183406752', 'JUAN', 'LIZANA', 'EL CONQUISTADOR 1730', 'MAIPU', 'SIN EMAIL', '56 952346529', 'CATALINA ALVAREZ', '-33.51545', '-70.79720', '8.67', 1, NULL, '2020-09-13 02:57:42', '2020-09-13 02:57:42'),
(807, 2, NULL, '140907693', 'EDUARDO', 'ALVAREZ', 'CAMINO DEL INCA 534', 'EL BOSQUE', 'SIN EMAIL', '56 9 7612 6687', 'REPOSICION', '-33.57527', '-70.68295', '4.33', 1, NULL, '2020-09-13 02:57:42', '2020-09-13 02:57:42'),
(808, 2, NULL, '179053268', 'DANIEL', 'FUENTEALBA', 'AV PADRE HURTADO 13380', 'EL BOSQUE', 'SIN EMAIL', '9 76072978', 'ALMACENAMIENTO', '-33.58274', '-70.67671', '5.34', 1, NULL, '2020-09-13 02:57:42', '2020-09-13 02:57:42'),
(809, 2, NULL, '186048741', 'YOHAN', 'RIVERA', 'EL PLOMO 1952', 'SAN BERNARDO', 'SIN EMAIL', '56 952345698', 'ALMACENAMIENTO', '-33.58660', '-70.66447', '6.38', 1, NULL, '2020-09-13 02:57:42', '2020-09-13 02:57:42'),
(810, 2, NULL, '173175922', 'FELIPE', 'SALDIAS', 'ING ERNESTO FOGUEL RODRIGUEZ 904', 'SAN BERNARDO', 'SIN EMAIL', '56 954447640', 'CHRISTIAN CASTILLO', '-33.60631', '-70.69557', '7.12', 1, NULL, '2020-09-13 02:57:42', '2020-09-13 02:57:42'),
(811, 2, NULL, '194099266', 'CAMILA', 'GUTIERREZ', 'PDTE JUAN ESTEBAN MONTERO 1966', 'MAIPU', 'SIN EMAIL', '931967130', 'MATIAS CARVALLO', '-33.50494', '-70.78341', '8.05', 1, NULL, '2020-09-13 02:57:42', '2020-09-13 02:57:42'),
(812, 2, NULL, '176773278', 'CONSTANZA', 'LARRAIN', 'ESPARTA 5535', 'MACUL', 'SIN EMAIL', '9 6656 7672', 'DIRECCION TECNICA', '-33.50734', '-70.60860', '10.19', 1, NULL, '2020-09-13 02:57:42', '2020-09-13 02:57:42'),
(813, 2, NULL, '20401731K', 'MARCELO', 'CASTILLO', 'ELOISA DIAZ 0758 BLOCK O', 'SAN BERNARDO', 'SIN EMAIL', '945582876', 'RUBEN SILVA', '-33.59157', '-70.68551', '5.81', 1, NULL, '2020-09-13 02:57:42', '2020-09-13 02:57:42'),
(814, 2, NULL, '153995710', 'SANDRA', 'MORADA', 'LAS CARABELAS 2020', 'SAN BERNARDO', 'SIN EMAIL', '92545703', 'RUBEN SILVA', '-33.61546', '-70.70028', '8.06', 1, NULL, '2020-09-13 02:57:42', '2020-09-13 02:57:42'),
(815, 2, NULL, '192256437', 'ROMINA', 'ALTAMIRANO', 'ESPERANZA 2276', 'SAN RAMON', 'SIN EMAIL', '956239654', 'RUBEN SILVA', '-33.55102', '-70.64643', '5.93', 1, NULL, '2020-09-13 02:57:42', '2020-09-13 02:57:42'),
(816, 2, NULL, '16725103K', 'MARCOS', 'RAMOS', 'INTENDENTA GEORGINA OTAROLA 14779', 'SAN BERNARDO', 'SIN EMAIL', '973419720', 'RUBEN SILVA', '-33.59783', '-70.67160', '7.01', 1, NULL, '2020-09-13 02:57:42', '2020-09-13 02:57:42'),
(817, 2, NULL, '199205692', 'PEDRO', 'CACERES', 'ALONSO DE ERCILLA 01043', 'SAN BERNARDO', 'SIN EMAIL', '998766611', 'RUBEN SILVA', '-33.57562', '-70.69933', '3.71', 1, NULL, '2020-09-13 02:57:42', '2020-09-13 02:57:42'),
(818, 2, NULL, '170978161', 'ABRAHAM', 'ESPINOZA', 'BOMBERO VICTOR SILVA 14470', 'SAN BERNARDO', 'SIN EMAIL', '950219872', 'RUBEN SILVA', '-33.59459', '-70.67013', '6.77', 1, NULL, '2020-09-13 02:57:42', '2020-09-13 02:57:42'),
(819, 2, NULL, '199132989', 'ROSA', 'AYALA', 'HUMBERTO VELASQUEZ 15', 'SAN BERNARDO', 'SIN EMAIL', '955390251', 'QA', '-33.64446', '-70.69368', '11.33', 1, NULL, '2020-09-13 02:57:42', '2020-09-13 02:57:42'),
(820, 2, NULL, '196350586', 'DANIELA', 'GARCIA', 'CERRO LA PROVINCIA 14569', 'SAN BERNARDO', 'SIN EMAIL', '986271643', 'RUBEN SILVA', '-33.59600', '-70.67176', '6.83', 1, NULL, '2020-09-13 02:57:42', '2020-09-13 02:57:42'),
(821, 2, NULL, '237905652', 'JEPHTHE', 'PERRIN', 'AV BRASIL 37', 'SANTIAGO', 'SIN EMAIL', '958899204', 'PICKING', '-33.44550', '-70.66460', '11.66', 1, NULL, '2020-09-13 02:57:42', '2020-09-13 02:57:42'),
(822, 2, NULL, '141643371', 'MARCELA', 'CASTRO', 'CAMPANARIO 2917', 'MAIPU', 'SIN EMAIL', '941549349', 'RUBEN SILVA', '-33.52039', '-70.79612', '8.40', 1, NULL, '2020-09-13 02:57:42', '2020-09-13 02:57:42'),
(823, 2, NULL, '210452184', 'DAYANA', 'MORALES', 'ARZ ERRAZURIZ 95', 'CERRILLOS', 'SIN EMAIL', '937761912', 'RUBEN SILVA', '-33.48005', '-70.72235', '7.13', 1, NULL, '2020-09-13 02:57:42', '2020-09-13 02:57:42'),
(824, 2, NULL, '172621910', 'SEBASTIAN', 'RIVAS', 'CHACON ZAMORA 7275', 'LA FLORIDA', 'SIN EMAIL', '977423273', 'RUBEN SILVA', '-33.52018', '-70.57754', '12.52', 1, NULL, '2020-09-13 02:57:42', '2020-09-13 02:57:42'),
(825, 2, NULL, '173074611', 'LUIS', 'ORELLANA', 'LAGUNA AGUAS CLARAS 2746', 'PUENTE ALTO', 'SIN EMAIL', '937843661', 'RUBEN SILVA', '-33.58473', '-70.55402', '15.14', 1, NULL, '2020-09-13 02:57:42', '2020-09-13 02:57:42'),
(826, 2, NULL, '180280731', 'NICOLE', 'GAJARDO', 'LAS VILOTAS 751', 'QUILICURA', 'SIN EMAIL', '987133659', 'RUBEN SILVA', '-33.36532', '-70.75660', '20.26', 1, NULL, '2020-09-13 02:57:42', '2020-09-13 02:57:42'),
(827, 2, NULL, '165461096', 'JORDANA', 'AGUILAR', 'BUENAVENTURA 3384', 'LO ESPEJO', 'SIN EMAIL', '954911998', 'RUBEN SILVA', '-33.50765', '-70.68854', '4.43', 1, NULL, '2020-09-13 02:57:42', '2020-09-13 02:57:42'),
(828, 2, NULL, '18762682K', 'CAMILA', 'CORNEJO', 'BUENAVENTURA 3267', 'LO ESPEJO', 'SIN EMAIL', '930780740', 'RUBEN SILVA', '-33.50800', '-70.68705', '4.46', 1, NULL, '2020-09-13 02:57:42', '2020-09-13 02:57:42'),
(829, 2, NULL, '266695357', 'JOELYS', 'ARAQUE', 'AV PADRE HURTADO 59', 'ESTACION CENTRAL', 'SIN EMAIL', '979284808', 'RUBEN SILVA', '-33.45454', '-70.69099', '10.02', 1, NULL, '2020-09-13 02:57:42', '2020-09-13 02:57:42'),
(830, 2, NULL, '170636333', 'ANGELA', 'JARAMILLO', 'COSTANERA NORTE 96', 'CERRILLOS', 'SIN EMAIL', '974477862', 'RUBEN SILVA', '-33.48149', '-70.72213', '6.97', 1, NULL, '2020-09-13 02:57:42', '2020-09-13 02:57:42'),
(831, 2, NULL, '202220924', 'CATALINA', 'JIMENEZ', 'MINERVA 2530', 'MAIPU', 'SIN EMAIL', '931063169', 'RUBEN SILVA', '-33.50580', '-70.77730', '7.52', 1, NULL, '2020-09-13 02:57:42', '2020-09-13 02:57:42'),
(832, 2, NULL, '270554377', 'ANDRICK', 'GOMEZ', 'SAN JOSE 445', 'MAIPU', 'SIN EMAIL', '951112633', 'RUBEN SILVA', '-33.51454', '-70.76201', '5.80', 1, NULL, '2020-09-13 02:57:42', '2020-09-13 02:57:42'),
(833, 2, NULL, '190944344', 'MANUEL', 'FUENTES', 'EL CONQUISTADOR 2433', 'MAIPU', 'SIN EMAIL', '957343454', 'RUBEN SILVA', '-33.50810', '-70.79811', '9.07', 1, NULL, '2020-09-13 02:57:42', '2020-09-13 02:57:42'),
(834, 2, NULL, '210011714', 'BASTIAN', 'PEREZ', 'URBANO 694', 'PUDAHUEL', 'SIN EMAIL', '975351120', 'RUBEN SILVA', '-33.44680', '-70.76229', '11.78', 1, NULL, '2020-09-13 02:57:42', '2020-09-13 02:57:42'),
(835, 2, NULL, '19170794K', 'DANIEL', 'FUENTES', 'VICEPRESIDENTE BERNARDO LEIGHTON 1368', 'PUENTE ALTO', 'SIN EMAIL', '957200597', 'RUBEN SILVA', '-33.59661', '-70.56894', '14.32', 1, NULL, '2020-09-13 02:57:42', '2020-09-13 02:57:42'),
(836, 2, NULL, '11315196K', 'HERNAN', 'ORTIZ', 'MARCOS PEREZ JIMENEZ 0239', 'PUENTE ALTO', 'SIN EMAIL', '972082798', 'RUBEN SILVA', '-33.59928', '-70.57408', '14.02', 1, NULL, '2020-09-13 02:57:42', '2020-09-13 02:57:42'),
(837, 2, NULL, '134682930', 'CARLOS', 'YENTZEN', 'KAPAKA 12598', 'SAN BERNARDO', 'SIN EMAIL', '950183080', 'RUBEN SILVA', '-33.56607', '-70.70560', '2.55', 1, NULL, '2020-09-13 02:57:42', '2020-09-13 02:57:42'),
(838, 2, NULL, '185082792', 'PABLO', 'MIRANDA', 'VOLCAN MAIPO 19854', 'SAN BERNARDO', 'SIN EMAIL', '961476497', 'RUBEN SILVA', '-33.59990', '-70.67722', '6.97', 1, NULL, '2020-09-13 02:57:42', '2020-09-13 02:57:42'),
(839, 2, NULL, '268536604', 'MARIA', 'MIELE', 'QUENU 4234', 'PUENTE ALTO', 'SIN EMAIL', '947005861', 'RUBEN SILVA', '-33.56498', '-70.57189', '12.99', 1, NULL, '2020-09-13 02:57:42', '2020-09-13 02:57:42'),
(840, 2, NULL, '173804636', 'GABRIEL', 'LEON', 'LOS VIÑEDOS 6476', 'PUENTE ALTO', 'SIN EMAIL', '949631317', 'RUBEN SILVA', '-33.56158', '-70.55130', '14.82', 1, NULL, '2020-09-13 02:57:42', '2020-09-13 02:57:42'),
(841, 2, NULL, '170040503', 'DANIELA', 'PABLAZA', 'SAN GABRIEL 11391', 'LA FLORIDA', 'SIN EMAIL', '991066574', 'RUBEN SILVA', '-33.56225', '-70.60964', '9.51', 1, NULL, '2020-09-13 02:57:42', '2020-09-13 02:57:42'),
(842, 2, NULL, '172984347', 'NATACHA', 'MUÑOZ', 'TRES PONIENTE 8181', 'LA GRANJA', 'SIN EMAIL', '967060045', 'RUBEN SILVA', '-33.53555', '-70.62397', '8.00', 1, NULL, '2020-09-13 02:57:42', '2020-09-13 02:57:42'),
(843, 2, NULL, '17378905K', 'DANIELA', 'ZAMBRANO', 'TRES PONIENTE 8181', 'LA GRANJA', 'SIN EMAIL', '932234020', 'RUBEN SILVA', '-33.53555', '-70.62397', '8.00', 1, NULL, '2020-09-13 02:57:42', '2020-09-13 02:57:42'),
(844, 2, NULL, '185438295', 'MAURICIO', 'ANIÑIR', 'PASAJE UNO 10982', 'LA PINTANA', 'SIN EMAIL', '978189944', 'RUBEN SILVA', '-33.56364', '-70.62644', '8.04', 1, NULL, '2020-09-13 02:57:42', '2020-09-13 02:57:42'),
(845, 2, NULL, '134886854', 'HELIA', 'SANHUEZA', 'HIMALAYAS 14297', 'SAN BERNARDO', 'SIN EMAIL', '990052944', 'RUBEN SILVA', '-33.59351', '-70.67555', '6.41', 1, NULL, '2020-09-13 02:57:42', '2020-09-13 02:57:42'),
(846, 2, NULL, '165536630', 'CLAUDIA', 'SANTIBAÑEZ', 'POEMA JAMAS 16327', 'SAN BERNARDO', 'SIN EMAIL', '948549741', 'RUBEN SILVA', '-33.61009', '-70.68079', '7.89', 1, NULL, '2020-09-13 02:57:42', '2020-09-13 02:57:42'),
(847, 2, NULL, '192794528', 'BELEN', 'CASAS', 'OJO DEL SALADO 1934', 'SAN BERNARDO', 'SIN EMAIL', '961087719', 'RUBEN SILVA', '-33.58628', '-70.66450', '6.35', 1, NULL, '2020-09-13 02:57:42', '2020-09-13 02:57:42'),
(848, 2, NULL, '130727514', 'JOSE', 'MUÑOZ', 'DEL ARQUITECTO 0166', 'PUENTE ALTO', 'SIN EMAIL', '949829312', 'RUBEN SILVA', '-33.61865', '-70.61079', '12.41', 1, NULL, '2020-09-13 02:57:42', '2020-09-13 02:57:42'),
(849, 2, NULL, '103408326', 'JUAN', 'CORNEJO', 'CALLE CENTRAL 0280', 'PUENTE ALTO', 'SIN EMAIL', '968566800', 'PICKING', '-33.61469', '-70.56674', '15.43', 1, NULL, '2020-09-13 02:57:42', '2020-09-13 02:57:42'),
(850, 2, NULL, '224561326', 'JOSE', 'GUTIERREZ', 'LOS PESCADORES 2726', 'PUENTE ALTO', 'SIN EMAIL', '999889252', 'RUBEN SILVA', '-33.58813', '-70.60236', '11.12', 1, NULL, '2020-09-13 02:57:42', '2020-09-13 02:57:42'),
(851, 2, NULL, '174264384', 'MARISOL', 'CORTEZ', 'DIEGO PORTALES 1073', 'LA FLORIDA', 'SIN EMAIL', '986744746', 'RUBEN SILVA', '-33.56175', '-70.57269', '12.86', 1, NULL, '2020-09-13 02:57:42', '2020-09-13 02:57:42'),
(852, 2, NULL, '179264552', 'NICOLE', 'GARCES', 'PASAJE VEINTISIETE 0883', 'EL BOSQUE', 'SIN EMAIL', '934923436', 'RUBEN SILVA', '-33.54335', '-70.68219', '2.56', 1, NULL, '2020-09-13 02:57:42', '2020-09-13 02:57:42'),
(853, 2, NULL, '270793665', 'MIGUEL', 'BAEZ', 'AV PADRE HURTADO 9468', 'LA CISTERNA', 'SIN EMAIL', '988223262', 'RUBEN SILVA', '-33.54594', '-70.66649', '4.02', 1, NULL, '2020-09-13 02:57:42', '2020-09-13 02:57:42'),
(854, 2, NULL, '188599583', 'NINOSKA', 'LOPEZ', 'JULIO VICUÑA CIFUENTES 661', 'RECOLETA', 'SIN EMAIL', '992025028', 'RUBEN SILVA', '-33.38246', '-70.64374', '18.90', 1, NULL, '2020-09-13 02:57:42', '2020-09-13 02:57:42'),
(855, 2, NULL, '203824505', 'JEREMY', 'TAPIA', 'UNICORNIO 7732', 'LO ESPEJO', 'SIN EMAIL', '969011638', 'RUBEN SILVA', '-33.52257', '-70.69033', '2.93', 1, NULL, '2020-09-13 02:57:42', '2020-09-13 02:57:42'),
(856, 2, NULL, '173478445', 'CESAR', 'CUADROS', 'NIDO DE AGUILAS 1290', 'MAIPU', 'SIN EMAIL', '990081515', 'PICKING', '-33.52732', '-70.77469', '6.27', 1, NULL, '2020-09-13 02:57:42', '2020-09-13 02:57:42'),
(857, 2, NULL, '26944763K', 'MILEIDY', 'MENDOZA', 'DESIRE 2869', 'MAIPU', 'SIN EMAIL', '953432780', 'RUBEN SILVA', '-33.50179', '-70.77677', '7.74', 1, NULL, '2020-09-13 02:57:42', '2020-09-13 02:57:42'),
(858, 2, NULL, '19062787K', 'JOCELYN', 'CISTERNA', 'PASE LOS CHANGOS 630 B', 'PUDAHUEL', 'SIN EMAIL', '966745786', 'RUBEN SILVA', '-33.44797', '-70.75772', '11.50', 1, NULL, '2020-09-13 02:57:42', '2020-09-13 02:57:42'),
(859, 2, NULL, '184658151', 'JAIME', 'ORTEGA', 'AUGUSTO LEGIA 98', 'LAS CONDES', 'SIN EMAIL', '962299615', 'RUBEN SILVA', '-33.41780', '-70.59670', '17.45', 1, NULL, '2020-09-13 02:57:42', '2020-09-13 02:57:42'),
(860, 2, NULL, '141815474', 'ELIZABETH', 'CARDENAS', 'BRISAS DEL MAIPO 04550', 'PUENTE ALTO', 'SIN EMAIL', '972348147', 'RUBEN SILVA', '-33.61190', '-70.52525', '18.71', 1, NULL, '2020-09-13 02:57:42', '2020-09-13 02:57:42'),
(861, 2, NULL, '209010844', 'JOSE', 'VELEZ', 'AV LA ESTRELLA 231', 'PUDAHUEL', 'SIN EMAIL', '987320173', 'RUBEN SILVA', '-33.46217', '-70.75232', '9.85', 1, NULL, '2020-09-13 02:57:42', '2020-09-13 02:57:42'),
(862, 2, NULL, '186726103', 'MARCO', 'QUEVEDO', 'PASAJE BAÑOS MORALES 151 BLOCK D23', 'PUENTE ALTO', 'SIN EMAIL', '962818346', 'RUBEN SILVA', '-33.61807', '-70.61182', '12.30', 1, NULL, '2020-09-13 02:57:42', '2020-09-13 02:57:42'),
(863, 2, NULL, '190550818', 'PATRICIO', 'GARRIDO', 'LA GALAXIA 2241', 'MAIPU', 'SIN EMAIL', '950961761', 'RUBEN SILVA', '-33.51060', '-70.79415', '8.62', 1, NULL, '2020-09-13 02:57:42', '2020-09-13 02:57:42'),
(864, 2, NULL, '168774036', 'JOSE', 'GAJARDO', 'LA PINTA 2014', 'SAN BERNARDO', 'SIN EMAIL', '964772324', 'PICKING', '-33.61520', '-70.70045', '8.03', 1, NULL, '2020-09-13 02:57:42', '2020-09-13 02:57:42'),
(865, 2, NULL, '134827432', 'RODRIGO', 'QUIROZ', 'LOS AVELLANOS 11913', 'EL BOSQUE', 'SIN EMAIL', '942185438', 'RUBEN SILVA', '-33.56625', '-70.67372', '4.20', 1, NULL, '2020-09-13 02:57:42', '2020-09-13 02:57:42'),
(866, 2, NULL, '199145479', 'SAVKA', 'MARCHANT', 'HANGA ROA 12690', 'SAN BERNARDO', 'SIN EMAIL', '950432205', 'RUBEN SILVA', '-33.56651', '-70.70479', '2.61', 1, NULL, '2020-09-13 02:57:42', '2020-09-13 02:57:42'),
(867, 2, NULL, '195599475', 'OSCAR', 'LOPEZ', 'TRONADOR 339', 'LO PRADO', 'SIN EMAIL', '967396582', 'RUBEN SILVA', '-33.44781', '-70.73521', '10.88', 1, NULL, '2020-09-13 02:57:42', '2020-09-13 02:57:42'),
(868, 2, NULL, '172287565', 'SARDY', 'MOLIDA', 'RIO RAPEL 13306', 'EL BOSQUE', 'SIN EMAIL', '936380901', 'RUBEN SILVA', '-33.58222', '-70.67199', '5.56', 1, NULL, '2020-09-13 02:57:42', '2020-09-13 02:57:42'),
(869, 2, NULL, '16904144K', 'FABIOLA', 'GONZALEZ', 'CELEDONIO VERDUGO 14323', 'SAN BERNARDO', 'SIN EMAIL', '945824501', 'RUBEN SILVA', '-33.59166', '-70.68142', '5.97', 1, NULL, '2020-09-13 02:57:42', '2020-09-13 02:57:42'),
(870, 2, NULL, '109905968', 'ELENA', 'ANTILEO', 'PUNTA BLANCA 2714', 'PUENTE ALTO', 'SIN EMAIL', '971711743', 'PICKING', '-33.58297', '-70.55184', '15.27', 1, NULL, '2020-09-13 02:57:42', '2020-09-13 02:57:42'),
(871, 2, NULL, '154278451', 'CARLOS', 'ZUÑIGA', 'EUCALIPTUS 13', 'SAN BERNARDO', 'SIN EMAIL', '965693281', 'PICKING', '-33.61058', '-70.69865', '7.54', 1, NULL, '2020-09-13 02:57:42', '2020-09-13 02:57:42'),
(872, 2, NULL, '163456265', 'ANDRES', 'VICENCIO', 'PASAJE ARAGONES 3 ORIENTES 1067', 'PUENTE ALTO', 'SIN EMAIL', '985410020', 'PICKING', '-33.60013', '-70.54927', '16.15', 1, NULL, '2020-09-13 02:57:42', '2020-09-13 02:57:42'),
(873, 2, NULL, '169339945', 'IGNACIO', 'CALDERON', 'CERRO MORENO 1502', 'LA FLORIDA', 'SIN EMAIL', '984868207', 'PICKING', '-33.54937', '-70.60706', '9.54', 1, NULL, '2020-09-13 02:57:42', '2020-09-13 02:57:42'),
(874, 2, NULL, '189411359', 'NICOLAS', 'PINO', 'CECILIA 3648', 'LO ESPEJO', 'SIN EMAIL', '936210352', 'PICKING', '-33.52542', '-70.70431', '2.06', 1, NULL, '2020-09-13 02:57:42', '2020-09-13 02:57:42'),
(875, 2, NULL, '197204850', 'SEBASTIAN', 'GODOY', 'HANGA ROA 12690', 'SAN BERNARDO', 'SIN EMAIL', '977097872', 'PICKING', '-33.56651', '-70.70479', '2.61', 1, NULL, '2020-09-13 02:57:42', '2020-09-13 02:57:42'),
(876, 2, NULL, '197927453', 'DAVID', 'OLIVARES', 'FERROCARRIL SUR 133', 'SAN BERNARDO', 'SIN EMAIL', '996413987', 'PICKING', '-33.64105', '-70.70611', '10.86', 1, NULL, '2020-09-13 02:57:42', '2020-09-13 02:57:42'),
(877, 2, NULL, '246558906', 'JOE', 'ARANA', 'COMPAÑIA DE JESUS 1789', 'SANTIAGO', 'SIN EMAIL', '941216242', 'PICKING', '-33.43968', '-70.66203', '12.34', 1, NULL, '2020-09-13 02:57:42', '2020-09-13 02:57:42'),
(878, 2, NULL, '268472045', 'ULISES', 'PIÑA', 'DIEGO PORTALES 1547 CASA 29', 'LA FLORIDA', 'SIN EMAIL', '947176976', 'PICKING', '-33.56102', '-70.56696', '13.37', 1, NULL, '2020-09-13 02:57:42', '2020-09-13 02:57:42'),
(879, 2, NULL, '53975429', 'RICARDO', 'SILVA', 'ERNESTO RIQUELME 1278', 'SAN BERNARDO', 'SIN EMAIL', '982119600', 'UNIDAD RECEPCION', '-33.59842', '-70.67731', '6.82', 1, NULL, '2020-09-13 02:57:42', '2020-09-13 02:57:42'),
(880, 2, NULL, '94719410', 'MOISES', 'MUÑOZ', 'SUR 1472', 'LA FLORIDA', 'SIN EMAIL', '956548628', 'UNIDAD RECEPCION', '-33.56005', '-70.60372', '10.00', 1, NULL, '2020-09-13 02:57:42', '2020-09-13 02:57:42'),
(881, 2, NULL, '98649565', 'MAGDALENA', 'QUEZADA', 'EL TAMBILLO 2894', 'PUENTE ALTO', 'SIN EMAIL', '978608951', 'UNIDAD RECEPCION', '-33.62690', '-70.60742', '13.27', 1, NULL, '2020-09-13 02:57:42', '2020-09-13 02:57:42'),
(882, 2, NULL, '99897082', 'HECTOR', 'RIQUELME', 'CHUMILDEN 905', 'SAN BERNARDO', 'SIN EMAIL', '974774960', 'UNIDAD RECEPCION', '-33.59959', '-70.68506', '6.65', 1, NULL, '2020-09-13 02:57:42', '2020-09-13 02:57:42'),
(883, 2, NULL, '121602539', 'CRISTIAN', 'BILVAO', 'AV LO ESPEJO 0375', 'LA CISTERNA', 'SIN EMAIL', '990875547', 'UNIDAD RECEPCION', '-33.54254', '-70.67465', '3.26', 1, NULL, '2020-09-13 02:57:42', '2020-09-13 02:57:42'),
(884, 2, NULL, '140252387', 'JUAN', 'ALVARADO', 'TORO MAZOTTE 110', 'ESTACION CENTRAL', 'SIN EMAIL', '996522742', 'UNIDAD RECEPCION', '-33.45593', '-70.69144', '9.87', 1, NULL, '2020-09-13 02:57:42', '2020-09-13 02:57:42'),
(885, 2, NULL, '143183475', 'FRANCISCO', 'MORALES', 'PEDRO TABILO 1546', 'SAN BERNARDO', 'SIN EMAIL', '990124454', 'UNIDAD RECEPCION', '-33.60516', '-70.71405', '6.88', 1, NULL, '2020-09-13 02:57:42', '2020-09-13 02:57:42'),
(886, 2, NULL, '156221430', 'VICTOR', 'MELLA', 'LO BLANCO 623', 'SAN BERNARDO', 'SIN EMAIL', '996356282', 'UNIDAD RECEPCION', '-33.58079', '-70.68155', '4.91', 1, NULL, '2020-09-13 02:57:42', '2020-09-13 02:57:42'),
(887, 2, NULL, '174627312', 'CLAUDIO', 'SOTO', 'DRA ERNESTINA PEREZ 641', 'SAN BERNARDO', 'SIN EMAIL', '941385874', 'UNIDAD RECEPCION', '-33.59064', '-70.68924', '5.59', 1, NULL, '2020-09-13 02:57:42', '2020-09-13 02:57:42'),
(888, 2, NULL, '180561900', 'MARCOS', 'AGUIRRE', 'DOS OTE 6656', 'LO ESPEJO', 'SIN EMAIL', '989645284', 'UNIDAD RECEPCION', '-33.51558', '-70.69234', '3.49', 1, NULL, '2020-09-13 02:57:42', '2020-09-13 02:57:42'),
(889, 2, NULL, '181204028', 'WILLIAM', 'COOPER', 'MAESTRO PENA 6519', 'LA GRANJA', 'SIN EMAIL', '968369667', 'UNIDAD RECEPCION', '-33.52151', '-70.63465', '7.37', 1, NULL, '2020-09-13 02:57:42', '2020-09-13 02:57:42'),
(890, 2, NULL, '19187675K', 'JORDAN', 'AVILA', 'VICTOR DOMINGO SILVA 1248', 'SAN BERNARDO', 'SIN EMAIL', '973745861', 'UNIDAD RECEPCION', '-33.60138', '-70.67855', '7.07', 1, NULL, '2020-09-13 02:57:42', '2020-09-13 02:57:42'),
(891, 2, NULL, '199120247', 'MARIO', 'ARAVENA', 'DIECIOCHO DE SEPTIEMBRE 11 BLOCK D', 'SAN BERNARDO', 'SIN EMAIL', '953354996', 'UNIDAD RECEPCION', '-33.61099', '-70.69960', '7.57', 1, NULL, '2020-09-13 02:57:42', '2020-09-13 02:57:42'),
(892, 2, NULL, '202072119', 'MATIAS', 'CHAVEZ', 'ERNESTO RIQUELME 1131', 'SAN BERNARDO', 'SIN EMAIL', '979270285', 'UNIDAD RECEPCION', '-33.59820', '-70.67899', '6.73', 1, NULL, '2020-09-13 02:57:42', '2020-09-13 02:57:42'),
(893, 2, NULL, '268136630', 'DENNYS', 'GODOY', 'SAN IGNACIO DE LOYOLA 952', 'SANTIAGO', 'SIN EMAIL', '932114972', 'UNIDAD RECEPCION', '-33.45838', '-70.65534', '10.71', 1, NULL, '2020-09-13 02:57:42', '2020-09-13 02:57:42'),
(894, 2, NULL, '191152603', 'SELEM', 'ORTIZ', 'ZAPATA LILLO 80', 'SAN BERNARDO', 'SIN EMAIL', '9 32131680', 'RENDICIONES', '-33.58709', '-70.70193', '4.91', 1, NULL, '2020-09-13 02:57:42', '2020-09-13 02:57:42'),
(895, 2, NULL, '227270438', 'CRISTIAN', 'CUNI', 'PJE DE LA VENDIMIA 62', 'QUILICURA', 'SIN EMAIL', '964292287', 'PRODUCCION', '-33.36425', '-70.72648', '19.97', 1, NULL, '2020-09-13 02:57:42', '2020-09-13 02:57:42'),
(896, 2, NULL, '177602736', 'NICOLAS', 'TAPIA', 'CINCO OTE 4681', 'LO ESPEJO', 'SIN EMAIL', '953165439', 'PRODUCCION', '-33.50937', '-70.68732', '4.31', 1, NULL, '2020-09-13 02:57:42', '2020-09-13 02:57:42'),
(897, 2, NULL, '180603352', 'SEBASTIAN', 'AVALOS', 'DOMINICA 7220', 'CERRILLOS', 'SIN EMAIL', '937144342', 'RUBEN SILVA', '-33.48982', '-70.72630', '6.14', 1, NULL, '2020-09-13 02:57:42', '2020-09-13 02:57:42'),
(898, 2, NULL, '203895038', 'CARLOS', 'MIRANDA', 'EL OLIMPO 2990', 'MAIPU', 'SIN EMAIL', '963046663', 'RUBEN SILVA', '-33.50024', '-70.77529', '7.73', 1, NULL, '2020-09-13 02:57:42', '2020-09-13 02:57:42'),
(899, 2, NULL, '192268591', 'BRIAN', 'GUERRERO', 'REBECA MATTE 9317', 'LA FLORIDA', 'SIN EMAIL', '957457479', 'RUBEN SILVA', '-33.53986', '-70.60260', '9.94', 1, NULL, '2020-09-13 02:57:42', '2020-09-13 02:57:42'),
(900, 2, NULL, '161186643', 'ROBERTO', 'DONOSO', 'HERALDO LATORRE 978', 'PUDAHUEL', 'SIN EMAIL', '941483396', 'RUBEN SILVA', '-33.44007', '-70.76889', '12.72', 1, NULL, '2020-09-13 02:57:42', '2020-09-13 02:57:42'),
(901, 2, NULL, '180261907', 'LESLIE', 'LEON', 'RALUN 930', 'SAN BERNARDO', 'SIN EMAIL', '934226547', 'RUBEN SILVA', '-33.60075', '-70.68521', '6.77', 1, NULL, '2020-09-13 02:57:42', '2020-09-13 02:57:42'),
(902, 2, NULL, '154250840', 'NATALIA', 'ARAYA', 'CAPRICORNIO 9901', 'EL BOSQUE', 'SIN EMAIL', '995053500', 'RUBEN SILVA', '-33.54651', '-70.68748', '2.09', 1, NULL, '2020-09-13 02:57:42', '2020-09-13 02:57:42'),
(903, 2, NULL, '204010528', 'CRISTIAN', 'MOLINA', 'ELOISA DIAZ 591', 'SAN BERNARDO', 'SIN EMAIL', '962662871', 'RUBEN SILVA', '-33.59070', '-70.68845', '5.62', 1, NULL, '2020-09-13 02:57:42', '2020-09-13 02:57:42'),
(904, 2, NULL, '199135791', 'JORDAN', 'VARGAS', 'HUILQUILEMU 14082', 'SAN BERNARDO', 'SIN EMAIL', '975320551', 'RUBEN SILVA', '-33.59122', '-70.67297', '6.32', 1, NULL, '2020-09-13 02:57:42', '2020-09-13 02:57:42'),
(905, 2, NULL, '9661814K', 'MARCO', 'SOLORZA', 'RAFAEL SOTOMAYOR 55 TORRE E', 'SANTIAGO', 'SIN EMAIL', '976565551', 'RUBEN SILVA', '-33.44619', '-70.67210', '11.35', 1, NULL, '2020-09-13 02:57:42', '2020-09-13 02:57:42'),
(906, 2, NULL, '18605685K', 'YANOSCA', 'TORRES', 'RIO PUELCHE 3694', 'PUENTE ALTO', 'SIN EMAIL', '986463688', 'RUBEN SILVA', '-33.61219', '-70.62212', '11.15', 1, NULL, '2020-09-13 02:57:42', '2020-09-13 02:57:42'),
(907, 2, NULL, '156219940', 'GONZALO', 'LOPEZ', 'RARINCO 11851', 'EL BOSQUE', 'SIN EMAIL', '948721724', 'RUBEN SILVA', '-33.57465', '-70.66583', '5.35', 1, NULL, '2020-09-13 02:57:42', '2020-09-13 02:57:42'),
(908, 2, NULL, '232709243', 'CRISTINA', 'RODRIGUEZ', 'DRAMATURGO PEDRO DE LA BARRA 423', 'MAIPU', 'SIN EMAIL', '941814729', 'RUBEN SILVA', '-33.48891', '-70.76400', '7.87', 1, NULL, '2020-09-13 02:57:42', '2020-09-13 02:57:42'),
(909, 2, NULL, '153502978', 'RICARDO', 'CACERES', 'GALVARINO 1838', 'ESTACION CENTRAL', 'SIN EMAIL', '978325593', 'RUBEN SILVA', '-33.47176', '-70.68893', '8.19', 1, NULL, '2020-09-13 02:57:42', '2020-09-13 02:57:42'),
(910, 2, NULL, '179513552', 'JORGE', 'CHACON', 'ALVAREZ DE TOLEDO 880', 'SAN MIGUEL', 'SIN EMAIL', '986463688', 'RUBEN SILVA', '-33.49098', '-70.64738', '8.21', 1, NULL, '2020-09-13 02:57:42', '2020-09-13 02:57:42'),
(911, 2, NULL, '267468036', 'SUSEL', 'AGUILAR', 'GUARDIA MARINA ERNESTO RIQUELME 514', 'SANTIAGO', 'SIN EMAIL', '947303163', 'RUBEN SILVA', '-33.43824', '-70.66122', '12.52', 1, NULL, '2020-09-13 02:57:42', '2020-09-13 02:57:42'),
(912, 2, NULL, '182198846', 'ROMINA', 'MELLA', 'PIRINEO 1125', 'SAN BERNARDO', 'SIN EMAIL', '962349644', 'RUBEN SILVA', '-33.59593', '-70.67872', '6.51', 1, NULL, '2020-09-13 02:57:42', '2020-09-13 02:57:42'),
(913, 2, NULL, '20108153K', 'JORGE', 'JIMENEZ', 'CINCO PTE 6272', 'PEDRO AGUIRRE CERDA', 'SIN EMAIL', '964220810', 'RUBEN SILVA', '-33.50075', '-70.69255', '5.00', 1, NULL, '2020-09-13 02:57:42', '2020-09-13 02:57:42'),
(914, 2, NULL, '195009635', 'GERARDO', 'GONZALEZ', 'ANTONIO DE LAS PENAS 2130', 'MAIPU', 'SIN EMAIL', '932745756', 'RUBEN SILVA', '-33.51249', '-70.79695', '8.77', 1, NULL, '2020-09-13 02:57:42', '2020-09-13 02:57:42'),
(915, 2, NULL, '193761771', 'SEBASTIAN', 'PRECHT', 'JULIO PERCEVAL 1177', 'MAIPU', 'SIN EMAIL', '931704055', 'RUBEN SILVA', '-33.52751', '-70.77456', '6.25', 1, NULL, '2020-09-13 02:57:42', '2020-09-13 02:57:42'),
(916, 2, NULL, '20534537K', 'CONSTANZA', 'REYES', 'RIO TRANCURA 1409', 'LA FLORIDA', 'SIN EMAIL', '981435970', 'RUBEN SILVA', '-33.55823', '-70.60634', '9.72', 1, NULL, '2020-09-13 02:57:42', '2020-09-13 02:57:42'),
(917, 2, NULL, '175624422', 'MAURICIO', 'MANOSALVA', 'EYZAGUIRRE 185', 'SAN BERNARDO', 'SIN EMAIL', '941890440', 'PICKING', '-33.58816', '-70.70344', '5.01', 1, NULL, '2020-09-13 02:57:42', '2020-09-13 02:57:42'),
(918, 2, NULL, '154516913', 'JOSE', 'ARANGUIZ', 'LUIS CRUZ MARTINEZ 13171', 'LA PINTANA', 'SIN EMAIL', '952124112', 'PICKING', '-33.58381', '-70.66065', '6.40', 1, NULL, '2020-09-13 02:57:42', '2020-09-13 02:57:42'),
(919, 2, NULL, '191852338', 'MATIAS', 'GONZALEZ', 'ACTOR FERNANDO GALLARDO 4270', 'MAIPU', 'SIN EMAIL', '979664458', 'PRODUCCION', '-33.48615', '-70.73795', '6.87', 1, NULL, '2020-09-13 02:57:42', '2020-09-13 02:57:42'),
(920, 2, NULL, '271833806', 'DANIEL', 'SAAVEDRA', 'LAS GARDENIAS 9894', 'LA FLORIDA', 'SIN EMAIL', '946930302', 'PICKING', '-33.54551', '-70.60822', '9.41', 1, NULL, '2020-09-13 02:57:42', '2020-09-13 02:57:42'),
(921, 2, NULL, '200169417', 'ISAAC', 'RETAMALES', 'HAITI 107', 'SAN BERNARDO', 'SIN EMAIL', '979879836', 'PRODUCCION', '-33.57708', '-70.69770', '3.91', 1, NULL, '2020-09-13 02:57:42', '2020-09-13 02:57:42'),
(922, 2, NULL, '179511118', 'ROBINSON', 'SALINAS', 'PEDRO CARDENAS 600', 'SAN BERNARDO', 'SIN EMAIL', '965826044', 'PICKING', '-33.61581', '-70.68684', '8.33', 1, NULL, '2020-09-13 02:57:43', '2020-09-13 02:57:43'),
(923, 2, NULL, '179073013', 'FRANCISCO', 'ORELLANA', 'ANA LUISA 1171', 'SAN MIGUEL', 'SIN EMAIL', '931418786', 'PRODUCCION', '-33.48915', '-70.65277', '8.01', 1, NULL, '2020-09-13 02:57:43', '2020-09-13 02:57:43'),
(924, 2, NULL, '184958287', 'JOSE', 'DURAN', 'EL XILOFONO 10920', 'LA PINTANA', 'SIN EMAIL', '992927665', 'PRODUCCION', '-33.56207', '-70.61343', '9.16', 1, NULL, '2020-09-13 02:57:43', '2020-09-13 02:57:43'),
(925, 2, NULL, '268316280', 'ALEJANDRO', 'RODRIGUEZ', 'AV MANUEL ANTONIO MATTA 747', 'SANTIAGO', 'SIN EMAIL', '946413157', 'PICKING', '-33.45837', '-70.64414', '11.24', 1, NULL, '2020-09-13 02:57:43', '2020-09-13 02:57:43'),
(926, 2, NULL, '186763858', 'CRISTIAN', 'ESPINOZA', 'ESTACION EL MELOCOTON 925', 'PUENTE ALTO', 'SIN EMAIL', '936883804  986346987 WP', 'PRODUCCION', '-33.62740', '-70.61708', '12.68', 1, NULL, '2020-09-13 02:57:43', '2020-09-13 02:57:43'),
(927, 2, NULL, '226554971', 'PEDRO', 'DURAN', 'OCHAGAVIA 13102', 'EL BOSQUE', 'SIN EMAIL', '9716 81019', 'PRODUCCION', '-33.57181', '-70.70027', '3.28', 1, NULL, '2020-09-13 02:57:43', '2020-09-13 02:57:43'),
(928, 2, NULL, '18938985K', 'EDUARDO', 'GAJARDO', 'LAS CHILCAS SUR 9325', 'LA FLORIDA', 'SIN EMAIL', '958973141', 'PICKING', '-33.53726', '-70.54506', '15.27', 1, NULL, '2020-09-13 02:57:43', '2020-09-13 02:57:43'),
(929, 2, NULL, '158877686', 'VICTOR', 'LINERO', 'LA CANDELARIA 2259', 'MAIPU', 'SIN EMAIL', '965525101', 'PICKING', '-33.51109', '-70.78874', '8.15', 1, NULL, '2020-09-13 02:57:43', '2020-09-13 02:57:43'),
(930, 2, NULL, '214066343', 'ANTONIO', 'ANGELES', 'EJERCITO LIBERTADOR 4208', 'PUENTE ALTO', 'SIN EMAIL', '934489553', 'ALMACENAMIENTO', '-33.56889', '-70.59796', '10.74', 1, NULL, '2020-09-13 02:57:43', '2020-09-13 02:57:43'),
(931, 2, NULL, '171503590', 'ERWIN', 'FLORES', 'LAVOS 7759', 'CERRO NAVIA', 'SIN EMAIL', '953897012', 'REPOSICION', '-33.41921', '-70.74551', '14.19', 1, NULL, '2020-09-13 02:57:43', '2020-09-13 02:57:43'),
(932, 2, NULL, '202041523', 'JUAN', 'VEGA', 'LA HABANA 1095', 'SAN BERNARDO', 'SIN EMAIL', '962421162', 'PICKING', '-33.58020', '-70.70738', '4.10', 1, NULL, '2020-09-13 02:57:43', '2020-09-13 02:57:43'),
(933, 2, NULL, '108522518', 'EDUARDO', 'VALENZUELA', 'KIA KIA 02665', 'SAN BERNARDO', 'SIN EMAIL', '56 975155020', 'REPOSICION', '-33.56570', '-70.70587', '2.51', 1, NULL, '2020-09-13 02:57:43', '2020-09-13 02:57:43'),
(934, 2, NULL, '160438592', 'SERGIO', 'VALENCIA', 'HIMALAYA  5950', 'SAN JOAQUIN', 'SIN EMAIL', '942758962', 'ALMACENAMIENTO', '-33.51212', '-70.63217', '7.98', 1, NULL, '2020-09-13 02:57:43', '2020-09-13 02:57:43'),
(935, 2, NULL, '166808812', 'FABIAN', 'NEIRA', 'MAR DEL CORAL 1777', 'EL BOSQUE', 'SIN EMAIL', '936752039', 'ALMACENAMIENTO', '-33.58179', '-70.66755', '5.79', 1, NULL, '2020-09-13 02:57:43', '2020-09-13 02:57:43'),
(936, 2, NULL, '154452915', 'SERGIO', 'HURTADO', 'SALAR DE ASCOTAN 2316', 'PUENTE ALTO', 'SIN EMAIL', '972095278', 'REPOSICION', '-33.59006', '-70.56467', '14.40', 1, NULL, '2020-09-13 02:57:43', '2020-09-13 02:57:43'),
(937, 2, NULL, '162683225', 'FRANCISCO', 'NAVARRO', 'FREIRE 841', 'SAN BERNARDO', 'SIN EMAIL', '934047356', 'REPOSICION', '-33.59816', '-70.70570', '6.10', 1, NULL, '2020-09-13 02:57:43', '2020-09-13 02:57:43'),
(938, 2, NULL, '141562665', 'MARCELO', 'FUENTES', 'EL CONQUISTADOR 1370', 'MAIPU', 'SIN EMAIL', '950993360', 'REPOSICION', '-33.51864', '-70.79734', '8.56', 1, NULL, '2020-09-13 02:57:43', '2020-09-13 02:57:43'),
(939, 2, NULL, '165870034', 'ALEXY', 'VARGAS', 'LA GALAXIA 2241', 'MAIPU', 'SIN EMAIL', '977531067', 'REPOSICION', '-33.51060', '-70.79415', '8.62', 1, NULL, '2020-09-13 02:57:43', '2020-09-13 02:57:43'),
(940, 2, NULL, '186751809', 'ALEJANDRO', 'NEIRA', 'LOS PETALOS 14637', 'SAN BERNARDO', 'SIN EMAIL', '948736677', 'ECOMMERCE', '-33.59740', '-70.66951', '7.07', 1, NULL, '2020-09-13 02:57:43', '2020-09-13 02:57:43'),
(941, 2, NULL, '142650487', 'FREDDY', 'BRIONES', 'DIEGO PORTALES 1407', 'LA FLORIDA', 'SIN EMAIL', '56 954937961', 'FELIPE SALDIAS', '-33.56161', '-70.56832', '13.26', 1, NULL, '2020-09-13 02:57:43', '2020-09-13 02:57:43'),
(942, 2, NULL, '170082435', 'BORIS', 'VERGARA', 'LOS QUILLAYES PARCELA 9A', 'PIRQUE', 'SIN EMAIL', '56 958266960', 'FELIPE SALDIAS', '-33.74471', '-70.56293', '26.18', 1, NULL, '2020-09-13 02:57:43', '2020-09-13 02:57:43'),
(943, 2, NULL, '179886650', 'CLAUDIO', 'COFRE', 'AV LA SERENA 11510', 'LA FLORIDA', 'SIN EMAIL', '56 979676690', 'FELIPE SALDIAS', '-33.56785', '-70.61166', '9.49', 1, NULL, '2020-09-13 02:57:43', '2020-09-13 02:57:43'),
(944, 2, NULL, '151705367', 'SERGIO', 'SAEZ', 'SANTO DOMINGO 1851', 'SANTIAGO', 'SIN EMAIL', '56 975297820', 'FELIPE SALDIAS', '-33.43725', '-70.66334', '12.55', 1, NULL, '2020-09-13 02:57:43', '2020-09-13 02:57:43'),
(945, 2, NULL, '185298760', 'ALFREDO', 'NAVARRO', 'EL LIMON 8667', 'PUDAHUEL', 'SIN EMAIL', '56 933477846', 'FELIPE SALDIAS', '-33.45603', '-70.75714', '10.65', 1, NULL, '2020-09-13 02:57:43', '2020-09-13 02:57:43'),
(946, 2, NULL, '192784417', 'CAMILO', 'PAZ', 'BALMACEDA 0391 BLOCK 1', 'SAN BERNARDO', 'SIN EMAIL', '988253691', 'REPOSICION', '-33.58764', '-70.69207', '5.19', 1, NULL, '2020-09-13 02:57:43', '2020-09-13 02:57:43'),
(947, 2, NULL, '188495117', 'REINALDO', 'JARA', 'AV VIEL 772', 'SANTIAGO', 'SIN EMAIL', '966338382', 'ECOMMERCE', '-33.45584', '-70.65652', '10.91', 1, NULL, '2020-09-13 02:57:43', '2020-09-13 02:57:43'),
(948, 2, NULL, '185984176', 'EDGARDO', 'INOSTROZA', 'PJE DIGNIDAD 1118', 'PUENTE ALTO', 'SIN EMAIL', '945325118', 'ECOMMERCE', '-33.59900', '-70.56952', '14.38', 1, NULL, '2020-09-13 02:57:43', '2020-09-13 02:57:43'),
(949, 2, NULL, '184991101', 'SEBASTIAN', 'NAVIA', 'PEDRO AGUIRRE CERDA 9099', 'SAN RAMON', 'SIN EMAIL', '956709062', 'ECOMMERCE', '-33.54357', '-70.63699', '6.74', 1, NULL, '2020-09-13 02:57:43', '2020-09-13 02:57:43'),
(950, 2, NULL, '184429152', 'PAULA', 'CARES', 'VENUS 02834', 'LO ESPEJO', 'SIN EMAIL', '933106404', 'ECOMMERCE', '-33.52581', '-70.69166', '2.57', 1, NULL, '2020-09-13 02:57:43', '2020-09-13 02:57:43'),
(951, 2, NULL, '258541995', 'JAVIER', 'CASTRO', 'SALAS 8973', 'LA CISTERNA', 'SIN EMAIL', '977526616', 'ECOMMERCE', '-33.53767', '-70.67131', '3.62', 1, NULL, '2020-09-13 02:57:43', '2020-09-13 02:57:43'),
(952, 2, NULL, '172567819', 'FABRIZIO', 'VACCARO', 'LEONARDO DA VINCI 4835', 'MAIPU', 'SIN EMAIL', '949273025', 'ECOMMERCE', '-33.47715', '-70.74723', '8.14', 1, NULL, '2020-09-13 02:57:43', '2020-09-13 02:57:43'),
(953, 2, NULL, '271288298', 'ANTONIO', 'CARDENAS', 'QUINTA AVENIDA 1277', 'SAN MIGUEL', 'SIN EMAIL', '952073158', 'ECOMMERCE', '-33.50745', '-70.65992', '6.11', 1, NULL, '2020-09-13 02:57:43', '2020-09-13 02:57:43'),
(954, 2, NULL, '27212244K', 'ELENA', 'FONSECA', 'AVIGNON 6038', 'SAN MIGUEL', 'SIN EMAIL', '983816349', 'ECOMMERCE', '-33.51146', '-70.65404', '6.26', 1, NULL, '2020-09-13 02:57:43', '2020-09-13 02:57:43'),
(955, 2, NULL, '163569701', 'TAMARA', 'MIRANDA', 'LOS GALLARDOS  CAMINO EL SAUCE', 'CALERA DE TANGO', 'SIN EMAIL', '967553167', 'ECOMMERCE', '-33.64383', '-70.79322', '13.58', 1, NULL, '2020-09-13 02:57:43', '2020-09-13 02:57:43'),
(956, 2, NULL, '185383865', 'CONSTANZA', 'ALEZANDRE', 'RENE SCHNEIDER 9310', 'SAN RAMON', 'SIN EMAIL', '965833742', 'ECOMMERCE', '-33.54663', '-70.63849', '6.61', 1, NULL, '2020-09-13 02:57:43', '2020-09-13 02:57:43'),
(957, 2, NULL, '187649471', 'ALEXIS', 'VELOZO', 'ODIN 656', 'MAIPU', 'SIN EMAIL', '982348641', 'ECOMMERCE', '-33.50846', '-70.74984', '5.37', 1, NULL, '2020-09-13 02:57:43', '2020-09-13 02:57:43'),
(958, 2, NULL, '190270173', 'BRANDON', 'CEPEDA', 'TEPUAL 8661', 'LA GRANJA', 'SIN EMAIL', '985576422', 'ECOMMERCE', '-33.54102', '-70.62760', '7.62', 1, NULL, '2020-09-13 02:57:43', '2020-09-13 02:57:43'),
(959, 2, NULL, '197319577', 'DIANA', 'AGUILAR', 'DIECISEIS PTE 8471', 'LA GRANJA', 'SIN EMAIL', '990504620', 'ECOMMERCE', '-33.53892', '-70.63379', '7.06', 1, NULL, '2020-09-13 02:57:43', '2020-09-13 02:57:43');
INSERT INTO `codificaciones` (`id`, `sucursal_id`, `grupo_patron_id`, `rut`, `nombre`, `apellido`, `direccion`, `comuna`, `email`, `telefono`, `centro_costo`, `lat`, `lng`, `distancia`, `habilitado`, `comentario`, `created_at`, `updated_at`) VALUES
(960, 2, NULL, '193837158', 'VICTOR', 'FARIAS', 'RENE SCHNEIDER 9310', 'SAN RAMON', 'SIN EMAIL', '976460859', 'ECOMMERCE', '-33.54663', '-70.63849', '6.61', 1, NULL, '2020-09-13 02:57:43', '2020-09-13 02:57:43'),
(961, 2, NULL, '262438864', 'LUIS', 'VARGAS', 'JOSE MIGUEL CARRERA 120', 'SANTIAGO', 'SIN EMAIL', '967195281', 'ECOMMERCE', '-33.44899', '-70.66336', '11.34', 1, NULL, '2020-09-13 02:57:43', '2020-09-13 02:57:43'),
(962, 2, NULL, '185140873', 'PAMELA', 'ESCOBAR', 'CAMINO PADRE HURTADO 19545', 'SAN BERNARDO', 'SIN EMAIL', '967520475', 'ECOMMERCE', '-33.64687', '-70.66516', '12.22', 1, NULL, '2020-09-13 02:57:43', '2020-09-13 02:57:43'),
(963, 2, NULL, '160694815', 'SOLANGE', 'UIBE', 'FEDRA 1711', 'MAIPU', 'SIN EMAIL', '956012305', 'ECOMMERCE', '-33.51552', '-70.78692', '7.79', 1, NULL, '2020-09-13 02:57:43', '2020-09-13 02:57:43'),
(964, 2, NULL, '206347872', 'ANICE', 'MANRIQUEZ', 'MEDIALUNA 1463', 'MAIPU', 'SIN EMAIL', '948441084', 'ECOMMERCE', '-33.50871', '-70.77663', '7.29', 1, NULL, '2020-09-13 02:57:43', '2020-09-13 02:57:43'),
(965, 2, NULL, '178490362', 'NELSON', 'CONCHA', 'ALCALDE DR RAUL CUEVAS PALMAS 1473', 'SAN BERNARDO', 'SIN EMAIL', '930701971', 'ECOMMERCE', '-33.59513', '-70.66760', '6.95', 1, NULL, '2020-09-13 02:57:43', '2020-09-13 02:57:43'),
(966, 2, NULL, '176925728', 'NADIA', 'MANCILLA', 'ELIAS FERNADEZ ALBANO 8359', 'SAN RAMON', 'SIN EMAIL', '964507639', 'ECOMMERCE', '-33.53576', '-70.64830', '5.76', 1, NULL, '2020-09-13 02:57:43', '2020-09-13 02:57:43'),
(967, 2, NULL, '197036672', 'ROBERTO', 'TORRES', 'ANGELMO 834', 'LA GRANJA', 'SIN EMAIL', '992155635', 'ECOMMERCE', '-33.53662', '-70.61392', '8.91', 1, NULL, '2020-09-13 02:57:43', '2020-09-13 02:57:43'),
(968, 2, NULL, '200512766', 'GABRIELA', 'MINAYA', 'COSTANERA NORTE 96', 'CERRILLOS', 'SIN EMAIL', '930306316', 'ECOMMERCE', '-33.48149', '-70.72213', '6.97', 1, NULL, '2020-09-13 02:57:43', '2020-09-13 02:57:43'),
(969, 2, NULL, '268351647', 'CHABELI', 'RAMIREZ', 'RIO TRANCURA 1411', 'LA FLORIDA', 'SIN EMAIL', '936137793', 'ECOMMERCE', '-33.55833', '-70.60644', '9.71', 1, NULL, '2020-09-13 02:57:43', '2020-09-13 02:57:43'),
(970, 2, NULL, '187957761', 'JENNIFER', 'CABELLO', 'INCA DE ORO 2537', 'MAIPU', 'SIN EMAIL', '967436423', 'ECOMMERCE', '-33.51236', '-70.79227', '8.38', 1, NULL, '2020-09-13 02:57:43', '2020-09-13 02:57:43'),
(971, 2, NULL, '206379871', 'JAVIER', 'ALLENDE', 'LOS JESUITAS  SAN IGNACIO', 'PADRE HURTADO', 'SIN EMAIL', '935779116', 'ECOMMERCE', '-33.58259', '-70.80978', '10.23', 1, NULL, '2020-09-13 02:57:43', '2020-09-13 02:57:43'),
(972, 2, NULL, '209752972', 'NICOLAS', 'RIQUELMA', 'OSCAR AGUAYO 866', 'SAN BERNARDO', 'SIN EMAIL', '963730104', 'ECOMMERCE', '-33.60337', '-70.69628', '6.78', 1, NULL, '2020-09-13 02:57:43', '2020-09-13 02:57:43'),
(973, 2, NULL, '26868008K', 'SAMUEL', 'VALBUENA', 'LORD COCHRANE 209', 'SANTIAGO', 'SIN EMAIL', '982217516', 'PICKING', '-33.44934', '-70.65509', '11.61', 1, NULL, '2020-09-13 02:57:43', '2020-09-13 02:57:43'),
(974, 2, NULL, '141433865', 'IVAN', 'NEIRA', 'PSJE SIETE 1152', 'LA CISTERNA', 'SIN EMAIL', '957582084', 'PICKING', '-33.52511', '-70.64749', '6.12', 1, NULL, '2020-09-13 02:57:43', '2020-09-13 02:57:43'),
(975, 2, NULL, '156068322', 'RODRIGO', 'VARGAS', 'LA NOGALADA 477', 'PUENTE ALTO', 'SIN EMAIL', '979384028', 'PICKING', '-33.62135', '-70.59370', '13.81', 1, NULL, '2020-09-13 02:57:43', '2020-09-13 02:57:43'),
(976, 2, NULL, '184980851', 'RODRIGO', 'ARAYA', 'MACOCHE 12538', 'SAN BERNARDO', 'SIN EMAIL', '950802359', 'PICKING', '-33.56598', '-70.70589', '2.54', 1, NULL, '2020-09-13 02:57:43', '2020-09-13 02:57:43'),
(977, 2, NULL, '26248744K', 'ALEX', 'OCANDO', 'SANTIAGO 1054', 'SANTIAGO', 'SIN EMAIL', '982456902', 'PICKING', '-33.46251', '-70.64813', '10.65', 1, NULL, '2020-09-13 02:57:43', '2020-09-13 02:57:43'),
(978, 2, NULL, '204201862', 'IGNACION', 'QUEZADA', 'BUENAVENTURA 3348', 'LO ESPEJO', 'SIN EMAIL', '977005415', 'PICKING', '-33.50782', '-70.68810', '4.43', 1, NULL, '2020-09-13 02:57:43', '2020-09-13 02:57:43'),
(979, 2, NULL, '20916101K', 'PALOMA', 'SEGURA', 'ANGEL CRUCHAGA 1302', 'SAN BERNARDO', 'SIN EMAIL', '920744666', 'PICKING', '-33.60147', '-70.67778', '7.10', 1, NULL, '2020-09-13 02:57:43', '2020-09-13 02:57:43'),
(980, 2, NULL, '191875842', 'ANGELA', 'PASTENE', 'JUAN PLANAS 6385', 'SAN JOAQUIN', 'SIN EMAIL', '949740932', 'PICKING', '-33.51782', '-70.63061', '7.87', 1, NULL, '2020-09-13 02:57:43', '2020-09-13 02:57:43'),
(981, 2, NULL, '183660454', 'ROBERTO', 'ALEGRIA', 'EL PROFETA 10801', 'LA PINTANA', 'SIN EMAIL', '920530615', 'PICKING', '-33.56017', '-70.62167', '8.37', 1, NULL, '2020-09-13 02:57:43', '2020-09-13 02:57:43'),
(982, 2, NULL, '195636451', 'LUIS', 'YAÑEZ', 'GABRIELA MISTRAL 4142', 'ESTACION CENTRAL', 'SIN EMAIL', '943467320', 'PICKING', '-33.46516', '-70.69084', '8.87', 1, NULL, '2020-09-13 02:57:43', '2020-09-13 02:57:43'),
(983, 2, NULL, '153470995', 'FELIPE', 'PEREDO', 'GRAL SILVA 13269', 'EL BOSQUE', 'SIN EMAIL', '954777591', 'PICKING', '-33.58276', '-70.66491', '6.04', 1, NULL, '2020-09-13 02:57:43', '2020-09-13 02:57:43'),
(984, 2, NULL, '270678238', 'VICTOR', 'TELLERIA', 'PRIMERA TRANSVERSAL 2399', 'MAIPU', 'SIN EMAIL', '946672245', 'PICKING', '-33.50432', '-70.75241', '5.87', 1, NULL, '2020-09-13 02:57:43', '2020-09-13 02:57:43'),
(985, 2, NULL, '197857757', 'YERKO', 'CORNEJO', 'PENINSULA JASON 1396', 'SAN BERNARDO', 'SIN EMAIL', '958211309', 'PICKING', '-33.58685', '-70.67209', '5.96', 1, NULL, '2020-09-13 02:57:43', '2020-09-13 02:57:43'),
(986, 2, NULL, '257061221', 'CARLOS', 'ESCALONA', 'PADRE HURTADO 1300', 'PUENTE ALTO', 'SIN EMAIL', '971430352', 'PICKING', '-33.58520', '-70.59674', '11.45', 1, NULL, '2020-09-13 02:57:43', '2020-09-13 02:57:43'),
(987, 2, NULL, '164159833', 'VICTOR', 'GALLARDO', 'SANTA ANA 1004', 'SAN BERNARDO', 'SIN EMAIL', '971833776', 'PICKING', '-33.58641', '-70.67766', '5.63', 1, NULL, '2020-09-13 02:57:43', '2020-09-13 02:57:43'),
(988, 2, NULL, '177376825', 'EVELYN', 'POBLETE', 'CALLE DOS 7891', 'LO ESPEJO', 'SIN EMAIL', '977983681', 'ECOMMERCE', '-33.52057', '-70.68828', '3.22', 1, NULL, '2020-09-13 02:57:43', '2020-09-13 02:57:43'),
(989, 2, NULL, '272364168', 'KARLA', 'GUACARAN', 'SAN PABLO 2002', 'SANTIAGO', 'SIN EMAIL', '920019024', 'ECOMMERCE', '-33.43493', '-70.66504', '12.74', 1, NULL, '2020-09-13 02:57:43', '2020-09-13 02:57:43'),
(990, 2, NULL, '25955361K', 'XAVIER', 'RODRIGUEZ', 'LORD COCHRANE 666', 'SANTIAGO', 'SIN EMAIL', '930397096', 'ECOMMERCE', '-33.45407', '-70.65404', '11.19', 1, NULL, '2020-09-13 02:57:43', '2020-09-13 02:57:43'),
(991, 2, NULL, '27236043K', 'DOUGLEIDYS', 'LISBOA', 'SAN PABLO 2002', 'SANTIAGO', 'SIN EMAIL', '955239053', 'ECOMMERCE', '-33.43493', '-70.66504', '12.74', 1, NULL, '2020-09-13 02:57:43', '2020-09-13 02:57:43'),
(992, 2, NULL, '166976839', 'BORIS', 'DASENCIC', 'TERESA WILLIAMS MONTT 15637', 'SAN BERNARDO', 'SIN EMAIL', '966391958', 'ECOMMERCE', '-33.60327', '-70.68080', '7.18', 1, NULL, '2020-09-13 02:57:43', '2020-09-13 02:57:43'),
(993, 2, NULL, '206157216', 'ABIGAIL', 'LERMANDA', 'GUANAJUATO 8187', 'LO ESPEJO', 'SIN EMAIL', '998103421', 'ECOMMERCE', '-33.52252', '-70.68337', '3.37', 1, NULL, '2020-09-13 02:57:43', '2020-09-13 02:57:43'),
(994, 2, NULL, '183256351', 'ISAMAR', 'DEL RIO', 'LOS COMETAS 831', 'MAIPU', 'SIN EMAIL', '946499820', 'ECOMMERCE', '-33.52173', '-70.79311', '8.09', 1, NULL, '2020-09-13 02:57:43', '2020-09-13 02:57:43'),
(995, 2, NULL, '251853533', 'MARIA', 'GUTIERREZ', 'CHACAO 472', 'LA FLORIDA', 'SIN EMAIL', '973008466', 'ECOMMERCE', '-33.55605', '-70.57974', '12.13', 1, NULL, '2020-09-13 02:57:43', '2020-09-13 02:57:43'),
(996, 2, NULL, '20326593K', 'ALEXIS', 'FIGUEROA', 'CALLE EL HUALLE MANZANA 71 SITIO 21', 'PADRE HURTADO', 'SIN EMAIL', '958617880', 'ECOMMERCE', '-33.56954', '-70.81567', '10.23', 1, NULL, '2020-09-13 02:57:43', '2020-09-13 02:57:43'),
(997, 2, NULL, '252195882', 'CRISTINA', 'COLORADO', 'GUARDIA MARINA ERNESTO RIQUELME 514', 'SANTIAGO', 'SIN EMAIL', '976770373', 'ECOMMERCE', '-33.43824', '-70.66122', '12.52', 1, NULL, '2020-09-13 02:57:43', '2020-09-13 02:57:43'),
(998, 2, NULL, '162381717', 'MARIBEL', 'REYES', 'LEON DE LA BARRA 8866', 'LO ESPEJO', 'SIN EMAIL', '974096181', 'ECOMMERCE', '-33.52583', '-70.69545', '2.36', 1, NULL, '2020-09-13 02:57:43', '2020-09-13 02:57:43'),
(999, 2, NULL, '166990475', 'ELIZABETH', 'FILUMIN', 'VICUÑA MAKENA 8840', 'LA FLORIDA', 'SIN EMAIL', '961640470', 'QA', '-33.53617', '-70.59241', '10.90', 1, NULL, '2020-09-13 02:57:43', '2020-09-13 02:57:43');

-- --------------------------------------------------------

--
-- Estructura de tabla para la tabla `conductores_has_cars`
--

CREATE TABLE `conductores_has_cars` (
  `id` bigint(20) UNSIGNED NOT NULL,
  `driver_id` bigint(20) UNSIGNED NOT NULL,
  `car_id` bigint(20) UNSIGNED NOT NULL,
  `habilitado` tinyint(1) NOT NULL,
  `created_at` timestamp NULL DEFAULT NULL,
  `updated_at` timestamp NULL DEFAULT NULL
) ENGINE=InnoDB DEFAULT CHARSET=utf8mb4 COLLATE=utf8mb4_unicode_ci;

--
-- Volcado de datos para la tabla `conductores_has_cars`
--

INSERT INTO `conductores_has_cars` (`id`, `driver_id`, `car_id`, `habilitado`, `created_at`, `updated_at`) VALUES
(2, 1, 2, 1, '2020-03-19 22:23:58', '2020-10-15 00:11:07');

-- --------------------------------------------------------

--
-- Estructura de tabla para la tabla `documents`
--

CREATE TABLE `documents` (
  `id` bigint(20) UNSIGNED NOT NULL,
  `type_document_id` bigint(20) UNSIGNED NOT NULL,
  `name` varchar(255) COLLATE utf8mb4_unicode_ci NOT NULL,
  `url` varchar(255) COLLATE utf8mb4_unicode_ci NOT NULL,
  `informacion` varchar(255) COLLATE utf8mb4_unicode_ci NOT NULL,
  `fecha_vencimiento` datetime DEFAULT NULL,
  `habilitado` tinyint(1) NOT NULL,
  `created_at` timestamp NULL DEFAULT NULL,
  `updated_at` timestamp NULL DEFAULT NULL
) ENGINE=InnoDB DEFAULT CHARSET=utf8mb4 COLLATE=utf8mb4_unicode_ci;

--
-- Volcado de datos para la tabla `documents`
--

INSERT INTO `documents` (`id`, `type_document_id`, `name`, `url`, `informacion`, `fecha_vencimiento`, `habilitado`, `created_at`, `updated_at`) VALUES
(3, 4, '2-PADRON', '/documents/cars/2-PADRON.jpg', '', '2020-03-18 00:00:00', 1, '2020-03-19 22:16:32', '2020-03-19 22:16:32');

-- --------------------------------------------------------

--
-- Estructura de tabla para la tabla `drivers`
--

CREATE TABLE `drivers` (
  `id` bigint(20) UNSIGNED NOT NULL,
  `name` varchar(255) COLLATE utf8mb4_unicode_ci NOT NULL,
  `lastname` varchar(255) COLLATE utf8mb4_unicode_ci NOT NULL,
  `rut` varchar(255) COLLATE utf8mb4_unicode_ci NOT NULL,
  `direccion` varchar(255) COLLATE utf8mb4_unicode_ci NOT NULL,
  `ciudad` varchar(255) COLLATE utf8mb4_unicode_ci NOT NULL,
  `comuna` varchar(255) COLLATE utf8mb4_unicode_ci NOT NULL,
  `numeracion` int(11) NOT NULL,
  `email` varchar(255) COLLATE utf8mb4_unicode_ci NOT NULL,
  `clase` varchar(255) COLLATE utf8mb4_unicode_ci NOT NULL,
  `dueno` tinyint(1) NOT NULL,
  `conductor` tinyint(1) NOT NULL,
  `driver_default` tinyint(1) NOT NULL,
  `email_verified_at` timestamp NULL DEFAULT NULL,
  `telefono` varchar(255) COLLATE utf8mb4_unicode_ci NOT NULL,
  `habilitado` tinyint(1) NOT NULL,
  `created_at` timestamp NULL DEFAULT NULL,
  `updated_at` timestamp NULL DEFAULT NULL
) ENGINE=InnoDB DEFAULT CHARSET=utf8mb4 COLLATE=utf8mb4_unicode_ci;

--
-- Volcado de datos para la tabla `drivers`
--

INSERT INTO `drivers` (`id`, `name`, `lastname`, `rut`, `direccion`, `ciudad`, `comuna`, `numeracion`, `email`, `clase`, `dueno`, `conductor`, `driver_default`, `email_verified_at`, `telefono`, `habilitado`, `created_at`, `updated_at`) VALUES
(1, 'KARLA ALEJANDRA', 'LAGOS GONZALEZ', '153694435', 'LA LOICA', 'SANTIAGO', 'MAIPU', 734, 'prueba@bapp.cl', 'A2', 1, 1, 1, NULL, '123456789', 1, '2020-03-19 21:34:29', '2020-10-15 00:11:07');

-- --------------------------------------------------------

--
-- Estructura de tabla para la tabla `drivers_has_cars`
--

CREATE TABLE `drivers_has_cars` (
  `id` bigint(20) UNSIGNED NOT NULL,
  `driver_id` bigint(20) UNSIGNED NOT NULL,
  `car_id` bigint(20) UNSIGNED NOT NULL,
  `habilitado` tinyint(1) NOT NULL,
  `created_at` timestamp NULL DEFAULT NULL,
  `updated_at` timestamp NULL DEFAULT NULL
) ENGINE=InnoDB DEFAULT CHARSET=utf8mb4 COLLATE=utf8mb4_unicode_ci;

--
-- Volcado de datos para la tabla `drivers_has_cars`
--

INSERT INTO `drivers_has_cars` (`id`, `driver_id`, `car_id`, `habilitado`, `created_at`, `updated_at`) VALUES
(1, 1, 2, 1, '2020-03-19 22:15:14', '2020-10-15 00:14:00');

-- --------------------------------------------------------

--
-- Estructura de tabla para la tabla `drivers_has_documents`
--

CREATE TABLE `drivers_has_documents` (
  `id` bigint(20) UNSIGNED NOT NULL,
  `driver_id` bigint(20) UNSIGNED NOT NULL,
  `document_id` bigint(20) UNSIGNED NOT NULL,
  `habilitado` tinyint(1) NOT NULL,
  `created_at` timestamp NULL DEFAULT NULL,
  `updated_at` timestamp NULL DEFAULT NULL
) ENGINE=InnoDB DEFAULT CHARSET=utf8mb4 COLLATE=utf8mb4_unicode_ci;

-- --------------------------------------------------------

--
-- Estructura de tabla para la tabla `drivers_has_drivers`
--

CREATE TABLE `drivers_has_drivers` (
  `id` bigint(20) UNSIGNED NOT NULL,
  `driver_id` bigint(20) UNSIGNED NOT NULL,
  `asociado_id` bigint(20) UNSIGNED NOT NULL,
  `habilitado` tinyint(1) NOT NULL,
  `created_at` timestamp NULL DEFAULT NULL,
  `updated_at` timestamp NULL DEFAULT NULL
) ENGINE=InnoDB DEFAULT CHARSET=utf8mb4 COLLATE=utf8mb4_unicode_ci;

--
-- Volcado de datos para la tabla `drivers_has_drivers`
--

INSERT INTO `drivers_has_drivers` (`id`, `driver_id`, `asociado_id`, `habilitado`, `created_at`, `updated_at`) VALUES
(2, 1, 1, 1, '2020-03-19 22:23:58', '2020-10-15 00:11:07');

-- --------------------------------------------------------

--
-- Estructura de tabla para la tabla `empresas`
--

CREATE TABLE `empresas` (
  `id` bigint(20) UNSIGNED NOT NULL,
  `rut` varchar(255) COLLATE utf8mb4_unicode_ci NOT NULL,
  `dv` varchar(1) COLLATE utf8mb4_unicode_ci NOT NULL,
  `razon_social` varchar(255) COLLATE utf8mb4_unicode_ci NOT NULL,
  `giro` varchar(255) COLLATE utf8mb4_unicode_ci DEFAULT NULL,
  `habilitado` tinyint(1) NOT NULL,
  `fecha_incorporacion` datetime NOT NULL,
  `hora_max_agendamiento` time NOT NULL,
  `created_at` timestamp NULL DEFAULT NULL,
  `updated_at` timestamp NULL DEFAULT NULL
) ENGINE=InnoDB DEFAULT CHARSET=utf8mb4 COLLATE=utf8mb4_unicode_ci;

--
-- Volcado de datos para la tabla `empresas`
--

INSERT INTO `empresas` (`id`, `rut`, `dv`, `razon_social`, `giro`, `habilitado`, `fecha_incorporacion`, `hora_max_agendamiento`, `created_at`, `updated_at`) VALUES
(1, '0', '0', 'SIM EMPRESA', 'SIN EMPRESA', 1, '2020-03-18 19:08:11', '00:00:00', '2020-03-18 22:08:11', '2020-03-18 22:08:11'),
(2, '8744230', '6', 'SB', 'FARMACIA', 1, '2020-03-10 00:00:00', '12:00:00', '2020-03-20 01:40:02', '2020-10-12 19:02:08');

-- --------------------------------------------------------

--
-- Estructura de tabla para la tabla `empresas_has_serv_k_m_s_s`
--

CREATE TABLE `empresas_has_serv_k_m_s_s` (
  `id` bigint(20) UNSIGNED NOT NULL,
  `empresa_id` bigint(20) UNSIGNED NOT NULL,
  `serv_kms_id` bigint(20) UNSIGNED NOT NULL,
  `created_at` timestamp NULL DEFAULT NULL,
  `updated_at` timestamp NULL DEFAULT NULL
) ENGINE=InnoDB DEFAULT CHARSET=utf8mb4 COLLATE=utf8mb4_unicode_ci;

-- --------------------------------------------------------

--
-- Estructura de tabla para la tabla `empresas_has_serv_planas`
--

CREATE TABLE `empresas_has_serv_planas` (
  `id` bigint(20) UNSIGNED NOT NULL,
  `empresa_id` bigint(20) UNSIGNED NOT NULL,
  `serv_planas_id` bigint(20) UNSIGNED NOT NULL,
  `created_at` timestamp NULL DEFAULT NULL,
  `updated_at` timestamp NULL DEFAULT NULL
) ENGINE=InnoDB DEFAULT CHARSET=utf8mb4 COLLATE=utf8mb4_unicode_ci;

-- --------------------------------------------------------

--
-- Estructura de tabla para la tabla `empresas_has_serv_psjs`
--

CREATE TABLE `empresas_has_serv_psjs` (
  `id` bigint(20) UNSIGNED NOT NULL,
  `empresa_id` bigint(20) UNSIGNED NOT NULL,
  `serv_psj_id` bigint(20) UNSIGNED NOT NULL,
  `created_at` timestamp NULL DEFAULT NULL,
  `updated_at` timestamp NULL DEFAULT NULL
) ENGINE=InnoDB DEFAULT CHARSET=utf8mb4 COLLATE=utf8mb4_unicode_ci;

-- --------------------------------------------------------

--
-- Estructura de tabla para la tabla `excepciones`
--

CREATE TABLE `excepciones` (
  `id` bigint(20) UNSIGNED NOT NULL,
  `sucursal_id` bigint(20) UNSIGNED NOT NULL,
  `rut` varchar(255) COLLATE utf8mb4_unicode_ci NOT NULL,
  `direccion` varchar(255) COLLATE utf8mb4_unicode_ci NOT NULL,
  `comuna` varchar(255) COLLATE utf8mb4_unicode_ci NOT NULL,
  `lat` decimal(10,5) NOT NULL,
  `lng` decimal(10,5) NOT NULL,
  `created_at` timestamp NULL DEFAULT NULL,
  `updated_at` timestamp NULL DEFAULT NULL
) ENGINE=InnoDB DEFAULT CHARSET=utf8mb4 COLLATE=utf8mb4_unicode_ci;

-- --------------------------------------------------------

--
-- Estructura de tabla para la tabla `fuerazonas`
--

CREATE TABLE `fuerazonas` (
  `id` bigint(20) UNSIGNED NOT NULL,
  `sucursal_id` bigint(20) UNSIGNED NOT NULL,
  `comuna` varchar(255) COLLATE utf8mb4_unicode_ci NOT NULL,
  `tipo` tinyint(4) NOT NULL,
  `distancia` decimal(10,2) NOT NULL,
  `created_at` timestamp NULL DEFAULT NULL,
  `updated_at` timestamp NULL DEFAULT NULL
) ENGINE=InnoDB DEFAULT CHARSET=utf8mb4 COLLATE=utf8mb4_unicode_ci;

-- --------------------------------------------------------

--
-- Estructura de tabla para la tabla `grupo_patrons`
--

CREATE TABLE `grupo_patrons` (
  `id` bigint(20) UNSIGNED NOT NULL,
  `codigo` varchar(255) COLLATE utf8mb4_unicode_ci NOT NULL,
  `descripcion` varchar(255) COLLATE utf8mb4_unicode_ci NOT NULL,
  `fuerazona` varchar(255) COLLATE utf8mb4_unicode_ci NOT NULL,
  `created_at` timestamp NULL DEFAULT NULL,
  `updated_at` timestamp NULL DEFAULT NULL
) ENGINE=InnoDB DEFAULT CHARSET=utf8mb4 COLLATE=utf8mb4_unicode_ci;

--
-- Volcado de datos para la tabla `grupo_patrons`
--

INSERT INTO `grupo_patrons` (`id`, `codigo`, `descripcion`, `fuerazona`, `created_at`, `updated_at`) VALUES
(1, 'PRUEBA', 'MAIPUS', '0', '2020-03-20 01:47:05', '2020-03-20 01:47:05'),
(2, 'ZUG', 'PRUEBA', '1', '2020-03-20 01:52:21', '2020-03-20 01:52:21'),
(3, 'ZP01', 'PRUEBA', '0', '2020-04-14 03:07:43', '2020-04-14 03:07:43'),
(4, 'NORPONIENTE', 'GRUPO 1', '0', '2020-10-14 23:45:24', '2020-10-14 23:45:24');

-- --------------------------------------------------------

--
-- Estructura de tabla para la tabla `grupo_patron_has_patrones`
--

CREATE TABLE `grupo_patron_has_patrones` (
  `id` bigint(20) UNSIGNED NOT NULL,
  `grupopatrones_id` bigint(20) UNSIGNED NOT NULL,
  `patron_id` bigint(20) UNSIGNED NOT NULL,
  `created_at` timestamp NULL DEFAULT NULL,
  `updated_at` timestamp NULL DEFAULT NULL
) ENGINE=InnoDB DEFAULT CHARSET=utf8mb4 COLLATE=utf8mb4_unicode_ci;

--
-- Volcado de datos para la tabla `grupo_patron_has_patrones`
--

INSERT INTO `grupo_patron_has_patrones` (`id`, `grupopatrones_id`, `patron_id`, `created_at`, `updated_at`) VALUES
(4, 3, 11, '2020-04-14 03:07:43', '2020-04-14 03:07:43'),
(5, 3, 12, '2020-04-14 03:07:43', '2020-04-14 03:07:43'),
(6, 3, 10, '2020-04-14 03:07:43', '2020-04-14 03:07:43'),
(7, 4, 7, '2020-10-14 23:45:24', '2020-10-14 23:45:24'),
(8, 4, 8, '2020-10-14 23:45:24', '2020-10-14 23:45:24'),
(9, 4, 9, '2020-10-14 23:45:24', '2020-10-14 23:45:24');

-- --------------------------------------------------------

--
-- Estructura de tabla para la tabla `grupo_patron_has_sucursales`
--

CREATE TABLE `grupo_patron_has_sucursales` (
  `id` bigint(20) UNSIGNED NOT NULL,
  `grupopatrones_id` bigint(20) UNSIGNED NOT NULL,
  `sucursal_id` bigint(20) UNSIGNED NOT NULL,
  `created_at` timestamp NULL DEFAULT NULL,
  `updated_at` timestamp NULL DEFAULT NULL
) ENGINE=InnoDB DEFAULT CHARSET=utf8mb4 COLLATE=utf8mb4_unicode_ci;

--
-- Volcado de datos para la tabla `grupo_patron_has_sucursales`
--

INSERT INTO `grupo_patron_has_sucursales` (`id`, `grupopatrones_id`, `sucursal_id`, `created_at`, `updated_at`) VALUES
(4, 4, 2, '2020-10-14 23:45:24', '2020-10-14 23:45:24');

-- --------------------------------------------------------

--
-- Estructura de tabla para la tabla `horarios`
--

CREATE TABLE `horarios` (
  `id` bigint(20) UNSIGNED NOT NULL,
  `horario` varchar(255) COLLATE utf8mb4_unicode_ci NOT NULL,
  `habilitado` tinyint(1) NOT NULL,
  `created_at` timestamp NULL DEFAULT NULL,
  `updated_at` timestamp NULL DEFAULT NULL
) ENGINE=InnoDB DEFAULT CHARSET=utf8mb4 COLLATE=utf8mb4_unicode_ci;

--
-- Volcado de datos para la tabla `horarios`
--

INSERT INTO `horarios` (`id`, `horario`, `habilitado`, `created_at`, `updated_at`) VALUES
(1, '00:00:00', 1, '2020-03-25 15:12:06', '2020-03-25 15:12:40'),
(2, '23:00:00', 1, '2020-03-25 15:13:03', '2020-03-25 15:13:03'),
(3, '22:00:00', 1, '2020-03-25 15:13:39', '2020-03-25 15:13:39'),
(4, '00:00:00', 1, '2020-09-13 01:52:13', '2020-09-13 01:52:13'),
(5, '01:00:00', 1, '2020-10-15 00:07:12', '2020-10-15 00:07:40'),
(6, '22:00:00', 1, '2020-10-15 00:08:36', '2020-10-15 00:08:36');

-- --------------------------------------------------------

--
-- Estructura de tabla para la tabla `horarios_has_sucursales`
--

CREATE TABLE `horarios_has_sucursales` (
  `id` bigint(20) UNSIGNED NOT NULL,
  `horario_id` bigint(20) UNSIGNED NOT NULL,
  `sucursal_id` bigint(20) UNSIGNED NOT NULL,
  `created_at` timestamp NULL DEFAULT NULL,
  `updated_at` timestamp NULL DEFAULT NULL
) ENGINE=InnoDB DEFAULT CHARSET=utf8mb4 COLLATE=utf8mb4_unicode_ci;

--
-- Volcado de datos para la tabla `horarios_has_sucursales`
--

INSERT INTO `horarios_has_sucursales` (`id`, `horario_id`, `sucursal_id`, `created_at`, `updated_at`) VALUES
(5, 4, 2, '2020-09-13 01:52:14', '2020-09-13 01:52:14'),
(7, 5, 2, '2020-10-15 00:07:40', '2020-10-15 00:07:40'),
(8, 6, 3, '2020-10-15 00:08:36', '2020-10-15 00:08:36'),
(9, 6, 2, '2020-10-15 00:08:36', '2020-10-15 00:08:36');

-- --------------------------------------------------------

--
-- Estructura de tabla para la tabla `matrizs`
--

CREATE TABLE `matrizs` (
  `id` bigint(20) UNSIGNED NOT NULL,
  `grupopatrones_id` bigint(20) UNSIGNED NOT NULL,
  `horario_id` bigint(20) UNSIGNED NOT NULL,
  `car_id` bigint(20) UNSIGNED NOT NULL,
  `sucursal_id` bigint(20) UNSIGNED NOT NULL,
  `created_at` timestamp NULL DEFAULT NULL,
  `updated_at` timestamp NULL DEFAULT NULL
) ENGINE=InnoDB DEFAULT CHARSET=utf8mb4 COLLATE=utf8mb4_unicode_ci;

--
-- Volcado de datos para la tabla `matrizs`
--

INSERT INTO `matrizs` (`id`, `grupopatrones_id`, `horario_id`, `car_id`, `sucursal_id`, `created_at`, `updated_at`) VALUES
(1, 4, 4, 2, 2, '2020-10-15 00:14:22', '2020-10-15 00:14:22'),
(2, 4, 6, 2, 2, '2020-10-15 00:14:38', '2020-10-15 00:14:38');

-- --------------------------------------------------------

--
-- Estructura de tabla para la tabla `migrations`
--

CREATE TABLE `migrations` (
  `id` int(10) UNSIGNED NOT NULL,
  `migration` varchar(255) COLLATE utf8mb4_unicode_ci NOT NULL,
  `batch` int(11) NOT NULL
) ENGINE=InnoDB DEFAULT CHARSET=utf8mb4 COLLATE=utf8mb4_unicode_ci;

--
-- Volcado de datos para la tabla `migrations`
--

INSERT INTO `migrations` (`id`, `migration`, `batch`) VALUES
(1, '2019_08_12_211622_create_permission_tables', 1),
(2, '2019_08_27_000320_create_empresa_table', 1),
(3, '2019_08_29_000131_create_ciclofacturacion_table', 1),
(4, '2019_08_29_000154_create_cicloproduccion_table', 1),
(5, '2019_08_29_000330_create_responsable_table', 1),
(6, '2019_08_29_000412_create_sucursal_table', 1),
(7, '2019_08_29_225458_create_excepciones_table', 1),
(8, '2019_08_29_225822_create_fuerazona_table', 1),
(9, '2019_08_29_225841_create_observaciones_table', 1),
(10, '2019_08_29_225856_create_observacionesinternas_table', 1),
(11, '2019_09_10_221457_create_serviciosplanas_table', 1),
(12, '2019_09_10_221542_create_serviciospasajeros_table', 1),
(13, '2019_09_10_221553_create_servicioskms_table', 1),
(14, '2019_09_12_000000_create_users_table', 1),
(15, '2019_10_01_031727_create_drivers_table', 1),
(16, '2019_10_02_111147_create_typedocuments_table', 1),
(17, '2019_10_02_111200_create_documents_table', 1),
(18, '2019_10_12_100000_create_password_resets_table', 1),
(19, '2019_10_14_015749_create_empresahasserpasajeros_table', 1),
(20, '2019_10_14_015926_create_empresahasserplanas_table', 1),
(21, '2019_10_14_015939_create_empresahasserkms_table', 1),
(22, '2019_11_01_161424_create_cars_table', 1),
(23, '2019_11_04_111522_create_drivershasdocuments_table', 1),
(24, '2019_11_05_184919_create_drivershascars_table', 1),
(25, '2019_11_06_185317_create_usershascars_table', 1),
(26, '2019_11_12_214414_create_carshasdocuments_table', 1),
(27, '2019_11_13_202525_create_drivershasdrivers_table', 1),
(28, '2019_11_25_215359_create_conductoreshascars_table', 1),
(29, '2019_12_07_153319_create_patrones_table', 1),
(30, '2019_12_07_154700_create_grupopatrones_table', 1),
(31, '2019_12_07_154754_create_grupopatroneshaspatrones_table', 1),
(32, '2019_12_28_223723_create_codificaciones_table', 1),
(33, '2019_12_29_134057_create_grupopatroneshassucursales_table', 1),
(34, '2020_01_01_165301_create_horarios_table', 1),
(35, '2020_01_01_165405_create_horarioshassucursal_table', 1),
(36, '2020_01_01_222012_create_matriz_table', 1),
(37, '2020_01_11_001126_create_agendamientos_table', 1),
(38, '2020_03_17_151854_create_carshasempresas_table', 1);

-- --------------------------------------------------------

--
-- Estructura de tabla para la tabla `model_has_permissions`
--

CREATE TABLE `model_has_permissions` (
  `permission_id` int(10) UNSIGNED NOT NULL,
  `model_type` varchar(255) COLLATE utf8mb4_unicode_ci NOT NULL,
  `model_id` bigint(20) UNSIGNED NOT NULL
) ENGINE=InnoDB DEFAULT CHARSET=utf8mb4 COLLATE=utf8mb4_unicode_ci;

-- --------------------------------------------------------

--
-- Estructura de tabla para la tabla `model_has_roles`
--

CREATE TABLE `model_has_roles` (
  `role_id` int(10) UNSIGNED NOT NULL,
  `model_type` varchar(255) COLLATE utf8mb4_unicode_ci NOT NULL,
  `model_id` bigint(20) UNSIGNED NOT NULL
) ENGINE=InnoDB DEFAULT CHARSET=utf8mb4 COLLATE=utf8mb4_unicode_ci;

--
-- Volcado de datos para la tabla `model_has_roles`
--

INSERT INTO `model_has_roles` (`role_id`, `model_type`, `model_id`) VALUES
(1, 'App\\Models\\User', 1),
(1, 'App\\Models\\User', 5),
(3, 'App\\Models\\User', 2),
(4, 'App\\Models\\User', 11);

-- --------------------------------------------------------

--
-- Estructura de tabla para la tabla `observaciones`
--

CREATE TABLE `observaciones` (
  `id` bigint(20) UNSIGNED NOT NULL,
  `descripcion` varchar(255) COLLATE utf8mb4_unicode_ci NOT NULL,
  `created_at` timestamp NULL DEFAULT NULL,
  `updated_at` timestamp NULL DEFAULT NULL
) ENGINE=InnoDB DEFAULT CHARSET=utf8mb4 COLLATE=utf8mb4_unicode_ci;

--
-- Volcado de datos para la tabla `observaciones`
--

INSERT INTO `observaciones` (`id`, `descripcion`, `created_at`, `updated_at`) VALUES
(1, 'CONTACTO OK', '2020-03-19 21:31:12', '2020-03-19 21:31:12');

-- --------------------------------------------------------

--
-- Estructura de tabla para la tabla `observacionesinternas`
--

CREATE TABLE `observacionesinternas` (
  `id` bigint(20) UNSIGNED NOT NULL,
  `descripcion` varchar(255) COLLATE utf8mb4_unicode_ci NOT NULL,
  `created_at` timestamp NULL DEFAULT NULL,
  `updated_at` timestamp NULL DEFAULT NULL
) ENGINE=InnoDB DEFAULT CHARSET=utf8mb4 COLLATE=utf8mb4_unicode_ci;

--
-- Volcado de datos para la tabla `observacionesinternas`
--

INSERT INTO `observacionesinternas` (`id`, `descripcion`, `created_at`, `updated_at`) VALUES
(1, 'EN PANNE', '2020-03-19 21:31:43', '2020-03-19 21:31:43');

-- --------------------------------------------------------

--
-- Estructura de tabla para la tabla `password_resets`
--

CREATE TABLE `password_resets` (
  `email` varchar(255) COLLATE utf8mb4_unicode_ci NOT NULL,
  `token` varchar(255) COLLATE utf8mb4_unicode_ci NOT NULL,
  `created_at` timestamp NULL DEFAULT NULL
) ENGINE=InnoDB DEFAULT CHARSET=utf8mb4 COLLATE=utf8mb4_unicode_ci;

--
-- Volcado de datos para la tabla `password_resets`
--

INSERT INTO `password_resets` (`email`, `token`, `created_at`) VALUES
('claudio.alarcon.gutierrez@gmail.com', '$2y$10$upRcxBd6nppOzXMeOqZHd.F/CZGAQiHs2ITIXrixWXt7AwOIszBja', '2021-07-16 21:54:02'),
('jorfgfe@gmail.com', '$2y$10$0PR7WeJVpP5SvL7Ag6fiBehkMXsqMmSkO/t6y6Hkpy3tAsaFy4Y5C', '2021-07-20 20:44:30');

-- --------------------------------------------------------

--
-- Estructura de tabla para la tabla `patrons`
--

CREATE TABLE `patrons` (
  `id` bigint(20) UNSIGNED NOT NULL,
  `codigo` varchar(255) COLLATE utf8mb4_unicode_ci NOT NULL,
  `descripcion` varchar(255) COLLATE utf8mb4_unicode_ci NOT NULL,
  `color` varchar(255) COLLATE utf8mb4_unicode_ci NOT NULL,
  `lat` varchar(255) COLLATE utf8mb4_unicode_ci NOT NULL,
  `lng` varchar(255) COLLATE utf8mb4_unicode_ci NOT NULL,
  `created_at` timestamp NULL DEFAULT NULL,
  `updated_at` timestamp NULL DEFAULT NULL
) ENGINE=InnoDB DEFAULT CHARSET=utf8mb4 COLLATE=utf8mb4_unicode_ci;

--
-- Volcado de datos para la tabla `patrons`
--

INSERT INTO `patrons` (`id`, `codigo`, `descripcion`, `color`, `lat`, `lng`, `created_at`, `updated_at`) VALUES
(7, 'NP01', '1', '#FFFF00', '-33.45316,-33.44582,-33.43665,-33.43382,-33.42014,-33.41609,-33.41233,-33.41624,-33.42974,-33.42978,-33.43381,-33.43780,-33.44589,-33.44697', '-70.73917,-70.77784,-70.78423,-70.78496,-70.78204,-70.78187,-70.74286,-70.74209,-70.73857,-70.74089,-70.74094,-70.74091,-70.74067,-70.73964', '2020-04-12 00:27:46', '2020-04-12 22:36:54'),
(8, 'NP02', '2', '#FFFF00', '-33.41318,-33.42994,-33.43001,-33.43728,-33.44452,-33.44445,-33.44420,-33.44294,-33.44022,-33.43900,-33.43829,-33.43148,-33.42307,-33.41981,-33.41572,-33.40766,-33.40838,-33.41343', '-70.74249,-70.73824,-70.74060,-70.74060,-70.74034,-70.73082,-70.72348,-70.71348,-70.70249,-70.69803,-70.69245,-70.69262,-70.69138,-70.69061,-70.69245,-70.70485,-70.71369,-70.72923', '2020-04-12 00:32:02', '2020-04-12 00:32:02'),
(9, 'NP03', '3', '#FFFF00', '-33.44476,-33.44587,-33.44665,-33.45335,-33.45822,-33.45374,-33.44913,-33.43989,-33.43824,-33.43878,-33.43924,-33.44289,-33.44458', '-70.74042,-70.74038,-70.73939,-70.73879,-70.71047,-70.69124,-70.69262,-70.69193,-70.69244,-70.69463,-70.69858,-70.71257,-70.72489', '2020-04-12 00:34:29', '2020-04-12 00:34:29'),
(10, 'P001', '4', '#2BFF00', '-33.45419,-33.45748,-33.46643,-33.47223,-33.47849,-33.48003,-33.47652,-33.47452,-33.47294,-33.46360,-33.46084', '-70.69116,-70.70533,-70.70473,-70.70404,-70.70228,-70.70013,-70.68623,-70.68769,-70.68829,-70.68846,-70.68867', '2020-04-12 00:37:54', '2020-04-12 00:37:54'),
(11, 'P002', '5', '#00FF22', '-33.45755,-33.46618,-33.47244,-33.47699,-33.47882,-33.48014,-33.48462,-33.48719,-33.48547,-33.48268,-33.47985,-33.47194,-33.46818,-33.46460,-33.45874,-33.45816', '-70.70590,-70.70517,-70.70448,-70.70298,-70.70272,-70.70070,-70.74227,-70.74991,-70.74673,-70.74519,-70.74313,-70.73695,-70.73081,-70.72437,-70.71128,-70.70815', '2020-04-12 00:41:33', '2020-04-12 00:41:51'),
(12, 'P003', '6', '#11FF00', '-33.45877,-33.46346,-33.46965,-33.47155,-33.47703,-33.48326,-33.48773,-33.47935,-33.47015,-33.45913,-33.45727,-33.44749,-33.44656,-33.45562', '-70.71307,-70.72363,-70.73479,-70.73745,-70.74183,-70.74650,-70.75054,-70.75517,-70.76071,-70.76449,-70.76560,-70.77680,-70.77607,-70.72874', '2020-04-12 00:44:44', '2020-04-12 00:44:44'),
(13, 'P004', '7', '#00FF11', '-33.49056,-33.47574,-33.49077,-33.49686,-33.49299,-33.49253,-33.49378,-33.49303', '-70.74936,-70.75785,-70.78588,-70.78373,-70.76644,-70.76373,-70.75854,-70.75245', '2020-04-12 00:47:25', '2020-04-12 00:47:25'),
(14, 'P005', '8', '#1AFF00', '-33.48031,-33.48389,-33.48489,-33.49055,-33.49706,-33.50200,-33.50630,-33.50980,-33.50651,-33.50436,-33.49971,-33.48933,-33.48368', '-70.70067,-70.71724,-70.74101,-70.74857,-70.74513,-70.74050,-70.72642,-70.72273,-70.71501,-70.71192,-70.70943,-70.70153,-70.69604', '2020-04-12 00:55:53', '2020-04-12 00:55:53'),
(15, 'P006', '9', '#48FF00', '-33.49140,-33.49340,-33.49419,-33.49841,-33.50832,-33.52371,-33.52718,-33.51838,-33.50990,-33.50709,-33.50598,-33.50312,-33.50223,-33.49858,-33.49629', '-70.74909,-70.75270,-70.75691,-70.75733,-70.75712,-70.75716,-70.75699,-70.74055,-70.72352,-70.72658,-70.72839,-70.73890,-70.74109,-70.74435,-70.74624', '2020-04-12 01:03:28', '2020-04-12 01:03:28'),
(16, 'P007', '10', '#11FF00', '-33.54287,-33.54205,-33.53700,-33.53587,-33.53493,-33.53218,-33.53010,-33.52732,-33.52448,-33.51926,-33.51580,-33.51119,-33.50721,-33.50497,-33.49868,-33.49608,-33.49293,-33.49409,-33.49898,-33.50531,-33.52604,-33.52742,-33.53193', '-70.77981,-70.78233,-70.78817,-70.78981,-70.79160,-70.79322,-70.79266,-70.79157,-70.79176,-70.79111,-70.79111,-70.79043,-70.79013,-70.79146,-70.79037,-70.77880,-70.76457,-70.75745,-70.75764,-70.75749,-70.75740,-70.75727,-70.76390', '2020-04-12 01:09:01', '2020-04-12 01:19:49'),
(17, 'P008', '11', '#FF00BB', '-33.54308,-33.54210,-33.53673,-33.53500,-33.53206,-33.52761,-33.52450,-33.52033,-33.51536,-33.51106,-33.50734,-33.50537,-33.49870,-33.50004,-33.50278,-33.51398,-33.52850,-33.54521,-33.55093,-33.55811,-33.56299,-33.56931,-33.55846', '-70.78008,-70.78262,-70.78884,-70.79204,-70.79354,-70.79195,-70.79201,-70.79154,-70.79131,-70.79071,-70.79041,-70.79156,-70.79049,-70.79545,-70.79841,-70.79905,-70.79880,-70.80468,-70.80995,-70.82461,-70.82048,-70.81566,-70.80191', '2020-04-12 03:26:40', '2020-04-12 03:50:36'),
(18, 'P009', '12', '#FF00D9', '-33.56944,-33.56136,-33.55814,-33.56027,-33.56617,-33.57114,-33.57686,-33.58551,-33.59473,-33.59023,-33.58333,-33.57636,-33.57253', '-70.81592,-70.82227,-70.82492,-70.83345,-70.84495,-70.84843,-70.84903,-70.84491,-70.84384,-70.84057,-70.83199,-70.82264,-70.82032', '2020-04-12 03:37:46', '2020-04-12 03:50:52'),
(19, 'P010', '13', '#FF00E6', '-33.62318,-33.61559,-33.60966,-33.60975,-33.58982,-33.57657,-33.57278,-33.55521,-33.54324,-33.54651,-33.55530,-33.56023,-33.56804,-33.57854,-33.59164,-33.60143,-33.60815,-33.61945', '-70.79895,-70.81317,-70.82416,-70.85150,-70.83982,-70.82227,-70.81987,-70.79710,-70.77951,-70.77230,-70.75369,-70.75803,-70.76481,-70.77324,-70.78204,-70.78676,-70.79122,-70.79740', '2020-04-12 03:43:27', '2020-04-12 03:52:42'),
(20, 'P011', '14', '#04FF00', '-33.51045,-33.51242,-33.52053,-33.52874,-33.54306,-33.55529,-33.54317,-33.51988,-33.51387', '-70.72322,-70.72805,-70.74395,-70.75878,-70.77946,-70.75358,-70.74279,-70.72328,-70.71865', '2020-04-12 03:48:55', '2020-04-12 03:48:55'),
(21, 'SP001', '15', '#006EFF', '-33.52047,-33.52459,-33.53167,-33.53893,-33.53210,-33.52892,-33.52630,-33.52423,-33.52108', '-70.70324,-70.70505,-70.70539,-70.68552,-70.68200,-70.68857,-70.69445,-70.69779,-70.70170', '2020-04-12 03:59:19', '2020-04-12 03:59:19'),
(22, 'SP002', '16', '#0080FF', '-33.53158,-33.52836,-33.52496,-33.52092,-33.51990,-33.51394,-33.50221,-33.50321,-33.50523,-33.50634,-33.50841,-33.50847,-33.51070,-33.52530', '-70.68174,-70.68870,-70.69606,-70.70095,-70.70350,-70.70080,-70.69500,-70.69204,-70.68621,-70.68292,-70.67829,-70.67677,-70.67149,-70.67825', '2020-04-12 04:02:38', '2020-04-12 04:02:38'),
(23, 'SP003', '17', '#0095FF', '-33.50204,-33.48574,-33.49102,-33.49838,-33.50047,-33.51070,-33.50896,-33.50826,-33.50823,-33.50583,-33.50322', '-70.69494,-70.68728,-70.68069,-70.67123,-70.66649,-70.67117,-70.67519,-70.67687,-70.67826,-70.68383,-70.69158', '2020-04-12 04:06:33', '2020-04-12 04:06:33'),
(24, 'SP004', '18', '#0D00FF', '-33.48551,-33.47845,-33.47862,-33.47868,-33.47894,-33.49616,-33.50023,-33.49937,-33.49873,-33.49143', '-70.68711,-70.68438,-70.67513,-70.67111,-70.65619,-70.66440,-70.66626,-70.66867,-70.67008,-70.67965', '2020-04-12 04:13:21', '2020-04-12 04:13:21'),
(25, 'SC001', '19', '#00E6FF', '-33.47885,-33.47978,-33.50034,-33.50331,-33.49234,-33.47970', '-70.65555,-70.65611,-70.66594,-70.65501,-70.65190,-70.64851', '2020-04-12 04:24:28', '2020-04-12 04:24:28'),
(26, 'SC002', '20', '#00F2FF', '-33.50059,-33.51079,-33.51460,-33.51209,-33.50356,-33.50293', '-70.66603,-70.67084,-70.65829,-70.65748,-70.65514,-70.65709', '2020-04-12 04:28:50', '2020-04-12 04:28:50'),
(27, 'SC003', '21', '#00EAFF', '-33.51090,-33.51406,-33.53184,-33.53473,-33.53706,-33.53073,-33.51472,-33.51228,-33.51150', '-70.67094,-70.67249,-70.68123,-70.67254,-70.66456,-70.66272,-70.65825,-70.66621,-70.66883', '2020-04-12 04:37:34', '2020-04-12 04:37:34'),
(28, 'SC004', '22', '#F200FF', '-33.47975,-33.49618,-33.50343,-33.50398,-33.50569,-33.50707,-33.49905,-33.49068,-33.48098,-33.48005', '-70.64817,-70.65264,-70.65475,-70.65257,-70.64496,-70.63880,-70.63970,-70.64069,-70.64198,-70.64666', '2020-04-12 04:45:43', '2020-04-12 04:45:43'),
(29, 'SO001', '23', '#FF0044', '-33.48104,-33.48620,-33.50707,-33.50698,-33.50755,-33.50812,-33.50697,-33.50337,-33.50012,-33.49629,-33.48774,-33.48650,-33.48570,-33.48427,-33.48248,-33.48178', '-70.64150,-70.64086,-70.63839,-70.63173,-70.62329,-70.61392,-70.61439,-70.61521,-70.61578,-70.61647,-70.61844,-70.62246,-70.62527,-70.63033,-70.63643,-70.63881', '2020-04-12 04:55:22', '2020-04-12 04:55:22'),
(30, 'SC005', '24', '#5900FF', '-33.50362,-33.51466,-33.51867,-33.51865,-33.51287,-33.50727', '-70.65479,-70.65799,-70.63784,-70.63681,-70.63758,-70.63885', '2020-04-12 21:06:36', '2020-04-12 21:06:55'),
(31, 'SC006', '25', '#6200FF', '-33.51479,-33.53711,-33.53780,-33.53992,-33.54162,-33.54202,-33.53299,-33.51878,-33.51873', '-70.65800,-70.66420,-70.66181,-70.65031,-70.63846,-70.63435,-70.63482,-70.63674,-70.63817', '2020-04-12 21:11:33', '2020-04-12 21:11:49'),
(32, 'SO002', '26', '#FF2200', '-33.52291,-33.51947,-33.50834,-33.50727,-33.50727,-33.51886,-33.52581,-33.53087,-33.54212,-33.54276,-33.54040,-33.53871,-33.52453', '-70.59872,-70.60310,-70.61362,-70.63125,-70.63834,-70.63632,-70.63567,-70.63501,-70.63405,-70.62863,-70.61233,-70.61049,-70.60120', '2020-04-12 21:17:08', '2020-04-12 21:17:08'),
(33, 'S01C01', '27', '#FF0088', '-33.54201,-33.54555,-33.54636,-33.54638,-33.54647,-33.54644,-33.54650,-33.54654,-33.54657,-33.54681,-33.54697,-33.54705,-33.54710,-33.54713,-33.54712,-33.52302,-33.52497,-33.53997,-33.54108', '-70.62018,-70.61907,-70.61850,-70.61688,-70.61523,-70.61475,-70.61393,-70.61350,-70.61232,-70.60104,-70.59535,-70.59211,-70.59079,-70.58895,-70.58785,-70.59842,-70.60139,-70.61123,-70.61405', '2020-04-12 21:27:26', '2020-04-12 21:37:42'),
(34, 'S01C02', '28', '#FF0004', '-33.55493,-33.55405,-33.55380,-33.55339,-33.54722,-33.54719,-33.54715,-33.54686,-33.54659,-33.54646,-33.54643,-33.54641,-33.54641', '-70.61657,-70.61240,-70.59923,-70.58674,-70.58783,-70.58904,-70.59036,-70.60093,-70.61304,-70.61645,-70.61688,-70.61759,-70.61849', '2020-04-12 21:34:29', '2020-04-12 23:08:09'),
(35, 'S01C03', '29', '#00F7FF', '-33.55352,-33.55391,-33.55416,-33.55430,-33.55516,-33.56360,-33.56475,-33.58059,-33.58313,-33.57909,-33.56274', '-70.58676,-70.59925,-70.60997,-70.61302,-70.61663,-70.61409,-70.61332,-70.61075,-70.60985,-70.58199,-70.58517', '2020-04-14 03:15:06', '2020-04-14 03:15:20'),
(36, 'S01C04', '30', '#0077FF', '-33.58333,-33.58149,-33.57922,-33.61232,-33.61255,-33.61334,-33.61432,-33.61440,-33.61522,-33.60974,-33.60039,-33.59566,-33.58978,-33.58485', '-70.61061,-70.59808,-70.58201,-70.57538,-70.57825,-70.58484,-70.58815,-70.59341,-70.60021,-70.60306,-70.60559,-70.60715,-70.60829,-70.61041', '2020-04-14 23:43:06', '2020-04-14 23:43:06'),
(37, 'S01C05', '31', '#BB00FF', '-33.61246,-33.61262,-33.61321,-33.61343,-33.61444,-33.61444,-33.61452,-33.61534,-33.62504,-33.62901,-33.63537,-33.63695,-33.63618,-33.63419,-33.63220,-33.62835,-33.63210,-33.62206,-33.61409', '-70.57539,-70.57826,-70.58294,-70.58496,-70.58835,-70.59191,-70.59380,-70.60009,-70.59781,-70.59925,-70.59712,-70.59140,-70.58258,-70.57350,-70.57072,-70.57180,-70.57065,-70.57374,-70.57515', '2020-04-15 01:01:14', '2020-04-15 01:02:04'),
(38, 'S02C01', '32', '#FFFF00', '-33.63199,-33.62170,-33.61234,-33.61248,-33.61230,-33.61180,-33.61009,-33.60998,-33.61152,-33.61130,-33.60758,-33.60540,-33.60322,-33.61466,-33.63560', '-70.57044,-70.57362,-70.57521,-70.57353,-70.57070,-70.56611,-70.55770,-70.55049,-70.54323,-70.54229,-70.53688,-70.53281,-70.50598,-70.50474,-70.56971', '2020-04-15 01:11:29', '2020-04-15 01:11:29'),
(39, 'S02C02', '33', '#AA00FF', '-33.61223,-33.60717,-33.59668,-33.58043,-33.58009,-33.57952,-33.58581,-33.59439,-33.59847,-33.60583,-33.61134,-33.60969,-33.60991,-33.61184,-33.61219,-33.61235', '-70.57525,-70.57634,-70.57821,-70.58143,-70.56347,-70.55162,-70.54472,-70.53828,-70.53150,-70.53450,-70.54283,-70.55107,-70.55819,-70.56789,-70.57079,-70.57330', '2020-04-15 01:16:53', '2020-04-15 01:16:53'),
(40, 'S02C03', '34', '#00FFE6', '-33.55334,-33.55921,-33.56726,-33.58027,-33.58027,-33.58009,-33.57966,-33.57938,-33.57423,-33.57251,-33.56804,-33.56547,-33.56307,-33.56118,-33.55488,-33.54755,-33.54737,-33.54719', '-70.58641,-70.58547,-70.58396,-70.58148,-70.58062,-70.56903,-70.55719,-70.55169,-70.55461,-70.55500,-70.55444,-70.55513,-70.55500,-70.55688,-70.56212,-70.56830,-70.57761,-70.58753', '2020-04-15 01:55:14', '2020-04-15 01:55:29'),
(41, 'S02C04', '35', '#0015FF', '-33.54700,-33.53536,-33.52849,-33.52288,-33.52180,-33.51690,-33.51504,-33.51243,-33.51035,-33.51017,-33.51515,-33.51837,-33.52048,-33.52288,-33.52856,-33.53221,-33.53604,-33.54355,-33.54747,-33.54748,-33.54734,-33.54721,-33.54718,-33.54717', '-70.58754,-70.59284,-70.59578,-70.59814,-70.59756,-70.59387,-70.59231,-70.59061,-70.59020,-70.58842,-70.58475,-70.58239,-70.58003,-70.57866,-70.57630,-70.57488,-70.57338,-70.57016,-70.56849,-70.56981,-70.57610,-70.58343,-70.58623,-70.58731', '2020-04-15 02:09:15', '2020-04-15 02:09:44'),
(42, 'O001', '36', '#FF006E', '-33.51020,-33.51242,-33.51480,-33.52285,-33.52185,-33.52071,-33.51988,-33.51913,-33.51735,-33.51604,-33.51423,-33.51249,-33.50823,-33.50857,-33.50885,-33.50915,-33.50985', '-70.59044,-70.59071,-70.59230,-70.59857,-70.59997,-70.60144,-70.60253,-70.60334,-70.60503,-70.60629,-70.60802,-70.60965,-70.61365,-70.60678,-70.60523,-70.60145,-70.59178', '2020-04-15 02:22:09', '2020-04-15 02:22:09'),
(43, 'O0002', '37', '#CCFF00', '-33.48939,-33.48707,-33.48592,-33.48544,-33.48481,-33.48504,-33.48515,-33.48555,-33.48603,-33.48619,-33.48821,-33.49784,-33.50416,-33.50809,-33.50840,-33.50911,-33.50977,-33.51008,-33.50650,-33.50437,-33.49970,-33.49351,-33.49104', '-70.58077,-70.58626,-70.59236,-70.59768,-70.60167,-70.60701,-70.61040,-70.61622,-70.61757,-70.61888,-70.61815,-70.61589,-70.61476,-70.61364,-70.60826,-70.60087,-70.59163,-70.59036,-70.58980,-70.58916,-70.58710,-70.58311,-70.58152', '2020-04-15 02:32:03', '2020-04-15 02:32:16'),
(44, 'O0003', '38', '#6E00FF', '-33.48438,-33.48064,-33.46890,-33.45558,-33.45534,-33.45609,-33.45931,-33.46243,-33.46313,-33.46472,-33.46485,-33.46564,-33.46920,-33.47969,-33.48736,-33.48928,-33.48699,-33.48584,-33.48482,-33.48496,-33.48532', '-70.62028,-70.62134,-70.62599,-70.62974,-70.62686,-70.62608,-70.62311,-70.60601,-70.60414,-70.60027,-70.59465,-70.58804,-70.57660,-70.57875,-70.58040,-70.58086,-70.58617,-70.59255,-70.60131,-70.60873,-70.61462', '2020-04-15 02:53:32', '2020-04-15 02:54:01'),
(45, 'C01S01', '39', '#FF009D', '-33.48086,-33.47728,-33.47653,-33.47321,-33.46831,-33.46544,-33.46199,-33.45843,-33.45778,-33.45708,-33.45638,-33.45559,-33.45712,-33.45934,-33.46200,-33.46590,-33.46944,-33.47593,-33.47908,-33.48073,-33.48732,-33.48649,-33.48472,-33.48333,-33.48118', '-70.64163,-70.64184,-70.64196,-70.64209,-70.64237,-70.64247,-70.64277,-70.64326,-70.64005,-70.63681,-70.63365,-70.62987,-70.62944,-70.62876,-70.62803,-70.62693,-70.62594,-70.62330,-70.62207,-70.62141,-70.61950,-70.62229,-70.62843,-70.63321,-70.64070', '2020-04-15 03:14:42', '2020-04-15 03:14:42'),
(46, 'C01S02', '40', '#00FBFF', '-33.48085,-33.48006,-33.47954,-33.47874,-33.47537,-33.47389,-33.47295,-33.47143,-33.46843,-33.46341,-33.46050,-33.45998,-33.45967,-33.45849,-33.46150,-33.46308,-33.46395,-33.46615,-33.46933,-33.47243,-33.47589,-33.47647,-33.47734,-33.48002,-33.48095', '-70.64191,-70.64596,-70.64884,-70.65581,-70.65439,-70.65444,-70.65491,-70.65594,-70.65615,-70.65637,-70.65648,-70.65148,-70.64897,-70.64330,-70.64293,-70.64271,-70.64266,-70.64247,-70.64235,-70.64216,-70.64201,-70.64199,-70.64187,-70.64171,-70.64164', '2020-04-15 03:48:08', '2020-04-15 03:48:08'),
(47, 'C01S03', '41', '#FFBB00', '-33.45825,-33.45059,-33.44641,-33.44291,-33.44450,-33.44550,-33.44650,-33.45116,-33.45497,-33.45628,-33.45837,-33.46041,-33.45950', '-70.64332,-70.64441,-70.64527,-70.64624,-70.65231,-70.65624,-70.66066,-70.65900,-70.65793,-70.65692,-70.65666,-70.65658,-70.64883', '2020-04-15 03:53:14', '2020-04-15 03:53:14'),
(48, 'C01S04', '42', '#00A6FF', '-33.45540,-33.43915,-33.43718,-33.43798,-33.44086,-33.44206,-33.44285,-33.44365,-33.44624,-33.44959,-33.45470,-33.45824,-33.45545', '-70.62985,-70.63470,-70.63515,-70.63742,-70.64152,-70.64354,-70.64605,-70.64598,-70.64526,-70.64457,-70.64375,-70.64325,-70.63002', '2020-04-15 04:00:42', '2020-04-15 04:00:42'),
(49, 'C01P01', '43', '#00AAFF', '-33.43461,-33.43497,-33.43672,-33.44052,-33.44460,-33.44782,-33.44603,-33.44396,-33.43959', '-70.66074,-70.66893,-70.66868,-70.66829,-70.66769,-70.66752,-70.66061,-70.66082,-70.65988', '2020-04-15 04:09:18', '2020-04-15 04:09:18'),
(50, 'C01P02', '44', '#B3002A', '-33.41921,-33.42196,-33.42426,-33.43081,-33.43454,-33.43488,-33.43500,-33.43507,-33.43537,-33.43562,-33.43603,-33.43704,-33.43815,-33.43640,-33.43317,-33.42990,-33.42641,-33.42000', '-70.69049,-70.68405,-70.68250,-70.66148,-70.66077,-70.66914,-70.67241,-70.67471,-70.67710,-70.67904,-70.68188,-70.68695,-70.69207,-70.69226,-70.69231,-70.69220,-70.69156,-70.69038', '2020-04-15 04:18:59', '2020-04-15 04:18:59'),
(51, 'C01P03', '45', '#5368AC', '-33.43822,-33.43971,-33.44474,-33.44950,-33.45375,-33.45134,-33.45078,-33.44771,-33.44452,-33.43497,-33.43502,-33.43514,-33.43539,-33.43599,-33.43675', '-70.69194,-70.69150,-70.69198,-70.69225,-70.69083,-70.68066,-70.67930,-70.66762,-70.66778,-70.66901,-70.67147,-70.67445,-70.67659,-70.68108,-70.68515', '2020-04-15 08:50:59', '2020-04-15 08:51:18'),
(52, 'C01SP', '46', '#6B5EA1', '-33.45390,-33.45705,-33.45904,-33.45850,-33.45676,-33.45707,-33.45829,-33.45820,-33.45986,-33.45983,-33.45657,-33.45492,-33.44652,-33.44805', '-70.69054,-70.68949,-70.68898,-70.67361,-70.66157,-70.66044,-70.66014,-70.65758,-70.65733,-70.65692,-70.65707,-70.65836,-70.66087,-70.66771', '2020-04-15 08:56:39', '2020-04-15 08:56:39'),
(53, 'C01SP01', '47', '#292900', '-33.45927,-33.46303,-33.47338,-33.47828,-33.47871,-33.47552,-33.47420,-33.47119,-33.46038,-33.45988,-33.45832,-33.45846,-33.45712,-33.45725,-33.45864,-33.45912', '-70.68881,-70.68795,-70.68791,-70.68465,-70.65628,-70.65473,-70.65482,-70.65649,-70.65701,-70.65761,-70.65776,-70.66093,-70.66115,-70.66390,-70.67295,-70.68454', '2020-04-15 09:01:26', '2020-04-15 09:01:26'),
(54, 'C01N04', '48', '#002775', '-33.43232,-33.43088,-33.43225,-33.43260,-33.44031,-33.44468,-33.44600,-33.44463,-33.44454,-33.44101,-33.43773,-33.43357', '-70.65584,-70.66077,-70.66053,-70.66032,-70.65936,-70.66042,-70.66034,-70.65466,-70.65425,-70.65492,-70.65558,-70.65605', '2020-04-15 09:07:50', '2020-04-15 09:07:50'),
(55, 'C01NO01', '49', '#FF85F1', '-33.43236,-33.43285,-33.43391,-33.43435,-33.43715,-33.44270,-33.44369,-33.44423,-33.44445,-33.44224,-33.44101,-33.43883,-33.43352', '-70.65577,-70.65176,-70.64783,-70.64758,-70.64722,-70.64637,-70.65006,-70.65310,-70.65422,-70.65458,-70.65488,-70.65532,-70.65595', '2020-04-15 09:12:10', '2020-04-15 09:12:10'),
(56, 'C01NO02', '50', '#A30000', '-33.44263,-33.43831,-33.43414,-33.43366,-33.43639,-33.43709,-33.43788,-33.43985,-33.44184,-33.44241', '-70.64622,-70.64693,-70.64755,-70.64738,-70.63538,-70.63528,-70.63742,-70.64023,-70.64331,-70.64504', '2020-04-15 09:17:58', '2020-04-15 09:18:25'),
(57, 'N01O01', '51', '#66FF00', '-33.39433,-33.40277,-33.40866,-33.41348,-33.41642,-33.42007,-33.42530,-33.42774,-33.43060,-33.43655,-33.43418,-33.42308,-33.42072,-33.41670,-33.41549,-33.41219,-33.40961,-33.40374,-33.39851', '-70.62483,-70.63106,-70.63526,-70.63859,-70.63842,-70.64056,-70.63979,-70.64022,-70.63601,-70.63516,-70.62752,-70.62082,-70.61250,-70.60718,-70.61310,-70.61559,-70.61550,-70.61275,-70.61567', '2020-04-15 09:28:56', '2020-04-15 09:28:56'),
(58, 'N01N01', '52', '#00D0FF', '-33.43595,-33.43285,-33.43024,-33.42599,-33.42116,-33.41788,-33.40703,-33.39698,-33.38752,-33.38334,-33.39336,-33.39427,-33.39520,-33.39834,-33.40795,-33.41115,-33.41347,-33.41644,-33.41957,-33.42007,-33.42541,-33.42776,-33.43069', '-70.63553,-70.64806,-70.64716,-70.64589,-70.64447,-70.64364,-70.64314,-70.64261,-70.64216,-70.64048,-70.62677,-70.62505,-70.62560,-70.62796,-70.63496,-70.63708,-70.63867,-70.63867,-70.64058,-70.64086,-70.63989,-70.64030,-70.63622', '2020-04-15 09:43:50', '2020-04-15 09:43:50'),
(59, 'N01N02', '53', '#70002D', '-33.42966,-33.42776,-33.42099,-33.41938,-33.41572,-33.40985,-33.40494,-33.40315,-33.40243,-33.39957,-33.39770,-33.39548,-33.39688,-33.41776,-33.42425,-33.43249', '-70.66035,-70.66061,-70.66310,-70.66331,-70.66421,-70.66640,-70.66885,-70.66996,-70.67086,-70.67211,-70.66928,-70.65310,-70.64271,-70.64379,-70.64554,-70.64799', '2020-04-16 01:12:02', '2020-04-16 01:12:02'),
(60, 'N01N03', '54', '#002BFF', '-33.41469,-33.41555,-33.41410,-33.41551,-33.41764,-33.41902,-33.42203,-33.42502,-33.42932,-33.42791,-33.42143,-33.42059,-33.41571,-33.41542', '-70.67511,-70.66973,-70.67882,-70.67865,-70.67835,-70.67770,-70.67429,-70.67189,-70.66049,-70.66069,-70.66300,-70.66328,-70.66433,-70.66976', '2020-04-16 01:35:30', '2020-04-16 01:35:30'),
(61, 'N01N04', '55', '#00FF1E', '-33.39750,-33.39517,-33.39144,-33.38718,-33.38216,-33.37994,-33.37725,-33.37184,-33.36926,-33.36625,-33.36686,-33.37230,-33.37768,-33.38098,-33.38227,-33.38327,-33.38409,-33.38761,-33.39196,-33.39673,-33.39533,-33.39674,-33.39742,-33.39764', '-70.66981,-70.67234,-70.67457,-70.67809,-70.68230,-70.68324,-70.68393,-70.68727,-70.68852,-70.68925,-70.68260,-70.66861,-70.65444,-70.64522,-70.64247,-70.64078,-70.64090,-70.64230,-70.64249,-70.64271,-70.65326,-70.66305,-70.66781,-70.66936', '2020-04-16 01:41:52', '2020-04-16 01:41:52'),
(62, 'N01N06', '56', '#0062FF', '-33.39973,-33.40262,-33.40298,-33.40477,-33.40584,-33.41050,-33.41385,-33.41448,-33.41491,-33.41524,-33.41544,-33.41568,-33.41464,-33.41221,-33.40996,-33.40693,-33.40485,-33.40365,-33.40321,-33.40242', '-70.67221,-70.68013,-70.68169,-70.68064,-70.68015,-70.67970,-70.67914,-70.67571,-70.67285,-70.67077,-70.66893,-70.66430,-70.66468,-70.66558,-70.66642,-70.66791,-70.66899,-70.66972,-70.67002,-70.67097', '2020-04-16 01:49:54', '2020-04-16 01:49:54'),
(63, 'N01N07', '57', '#FF004D', '-33.39784,-33.39960,-33.40258,-33.40290,-33.39514,-33.39079,-33.37748,-33.37262,-33.36617,-33.36592,-33.36635,-33.36911,-33.37178,-33.37755,-33.38077,-33.38251,-33.38568,-33.39132,-33.39507,-33.39684', '-70.66984,-70.67224,-70.68020,-70.68179,-70.68635,-70.68903,-70.69498,-70.69729,-70.70015,-70.69629,-70.68940,-70.68867,-70.68742,-70.68397,-70.68309,-70.68233,-70.67949,-70.67486,-70.67252,-70.67080', '2020-04-16 01:59:03', '2020-04-16 01:59:35'),
(64, 'N01P01', '58', '#887A77', '-33.40888,-33.41286,-33.41536,-33.41923,-33.41966,-33.42650,-33.42231,-33.41927,-33.41816,-33.41397', '-70.69374,-70.69215,-70.69185,-70.69043,-70.68893,-70.67048,-70.67434,-70.67790,-70.67846,-70.67915', '2020-04-16 04:24:08', '2020-04-16 04:24:20'),
(65, 'N01P02', '59', '#DB1AE6', '-33.40869,-33.39959,-33.39407,-33.37981,-33.38304,-33.39042,-33.40557,-33.41367,-33.41191', '-70.69377,-70.69785,-70.70141,-70.69429,-70.69279,-70.68944,-70.68038,-70.67931,-70.68455', '2020-04-16 04:30:12', '2020-04-16 04:30:12'),
(66, 'N01NP01', '60', '#2F00FF', '-33.41106,-33.40914,-33.40660,-33.40289,-33.40203,-33.40199,-33.40207,-33.40198,-33.40139,-33.40167,-33.40242,-33.40278,-33.40465,-33.40549,-33.40649,-33.40884,-33.41249,-33.41575,-33.41176,-33.40748,-33.40826,-33.41066', '-70.72298,-70.72437,-70.72753,-70.73032,-70.73107,-70.73043,-70.72903,-70.72412,-70.72049,-70.71828,-70.71292,-70.71109,-70.70558,-70.70429,-70.70159,-70.69397,-70.69247,-70.69200,-70.69826,-70.70483,-70.71391,-70.72103', '2020-04-16 20:49:59', '2020-04-16 20:50:14'),
(67, 'N01NP02', '61', '#FF8000', '-33.41127,-33.40916,-33.40687,-33.40554,-33.39752,-33.39540,-33.39209,-33.38655,-33.39440,-33.40483,-33.40658,-33.41557,-33.41195,-33.41256', '-70.72329,-70.72470,-70.72771,-70.72874,-70.73518,-70.74054,-70.75004,-70.75996,-70.76951,-70.78170,-70.78251,-70.78204,-70.74234,-70.72827', '2020-04-16 21:02:53', '2020-04-16 21:02:53'),
(68, 'N01NP04', '63', '#00FFF7', '-33.39121,-33.38193,-33.39178,-33.38150,-33.37641,-33.38145,-33.38245,-33.37951,-33.36640,-33.37364,-33.37425,-33.37163,-33.37170,-33.37253,-33.38507,-33.38639', '-70.75147,-70.73645,-70.72937,-70.71353,-70.71439,-70.71159,-70.69567,-70.69430,-70.70060,-70.71211,-70.71554,-70.73833,-70.74150,-70.74343,-70.75820,-70.75983', '2020-04-16 21:45:34', '2020-04-16 21:45:49'),
(69, 'N01NP05', '64', '#004DFF', '-33.40186,-33.39742,-33.39369,-33.39392,-33.39521,-33.39874,-33.40053,-33.40869,-33.40602,-33.40474,-33.40251,-33.40143,-33.40131,-33.40191,-33.40175,-33.40193', '-70.73150,-70.73500,-70.72961,-70.72056,-70.70108,-70.69878,-70.69762,-70.69397,-70.70236,-70.70509,-70.71159,-70.71904,-70.72080,-70.72423,-70.72698,-70.72970', '2020-04-16 21:55:49', '2020-04-16 21:55:49'),
(70, 'N01NP06', '65', '#DE21D4', '-33.36612,-33.35716,-33.35759,-33.35741,-33.35652,-33.35648,-33.35723,-33.35799,-33.35802,-33.35860,-33.36035,-33.36343,-33.37089,-33.37347,-33.37139,-33.37146,-33.37397,-33.37333,-33.36929', '-70.70055,-70.70458,-70.70651,-70.70832,-70.70982,-70.71227,-70.71746,-70.73162,-70.73625,-70.73892,-70.74527,-70.76205,-70.75664,-70.74531,-70.74213,-70.73801,-70.71518,-70.71184,-70.70559', '2020-04-16 22:07:07', '2020-04-16 22:07:25'),
(71, 'N01NP07', '66', '#005EFF', '-33.36301,-33.35638,-33.34563,-33.35240,-33.35690,-33.35740,-33.35728,-33.35617,-33.35696,-33.35721,-33.35764,-33.35787,-33.35793,-33.35950,-33.36043,-33.36155,-33.36284', '-70.76142,-70.76785,-70.74133,-70.70687,-70.70466,-70.70627,-70.70775,-70.71041,-70.71638,-70.71857,-70.72696,-70.73224,-70.73657,-70.74258,-70.74602,-70.75209,-70.75938', '2020-04-16 22:21:30', '2020-04-16 22:21:30'),
(72, 'O01O02', '67', '#FF00BB', '-33.39856,-33.39664,-33.38985,-33.38611,-33.38528,-33.38166,-33.37865,-33.37699,-33.37683,-33.37457,-33.37507,-33.37665,-33.37817,-33.38188,-33.38335,-33.39007,-33.39329,-33.39680,-33.40495,-33.40841,-33.40772,-33.40526,-33.40306,-33.40159', '-70.58755,-70.58204,-70.57039,-70.56343,-70.55590,-70.54590,-70.53809,-70.53820,-70.54142,-70.54567,-70.55041,-70.55695,-70.56901,-70.58219,-70.58976,-70.59854,-70.60204,-70.60371,-70.60248,-70.60435,-70.60030,-70.59785,-70.59548,-70.59477', '2020-04-16 22:43:18', '2020-04-16 22:43:18'),
(73, 'O02O02', '68', '#0000FF', '-33.40795,-33.40086,-33.39674,-33.39129,-33.39788,-33.40415,-33.40802', '-70.60027,-70.59272,-70.58177,-70.57267,-70.57152,-70.58692,-70.59907', '2020-04-28 01:17:50', '2020-04-28 01:18:23'),
(74, 'O02O04', '69', '#AAFF00', '-33.39115,-33.39785,-33.38409,-33.37889,-33.38222,-33.38520,-33.38577,-33.38638', '-70.57229,-70.57134,-70.53444,-70.53821,-70.54688,-70.55491,-70.55821,-70.56362', '2020-04-28 01:23:38', '2020-04-28 01:23:38'),
(75, 'O02O05', '70', '#FF0000', '-33.41801,-33.41422,-33.41311,-33.40859,-33.39820,-33.40465,-33.40838,-33.40913,-33.41597', '-70.60143,-70.58443,-70.58199,-70.56722,-70.57160,-70.58748,-70.59958,-70.60550,-70.60774', '2020-04-28 01:46:19', '2020-04-28 01:46:19'),
(76, 'O02O06', '71', '#00FFF2', '-33.41433,-33.42156,-33.42812,-33.43109,-33.43077,-33.42590,-33.42274,-33.41755,-33.40888,-33.41250', '-70.58435,-70.58070,-70.57482,-70.57426,-70.56512,-70.56401,-70.56456,-70.56452,-70.56727,-70.57915', '2020-04-28 01:51:32', '2020-04-28 01:51:32'),
(77, 'O02O08', '71', '#7B00FF', '-33.40877,-33.40745,-33.40781,-33.40867,-33.40809,-33.40960,-33.41741,-33.42102,-33.42890,-33.43019,-33.43084,-33.42521,-33.42289,-33.41759', '-70.56684,-70.56177,-70.55697,-70.55220,-70.54538,-70.54229,-70.53864,-70.53787,-70.53937,-70.55332,-70.56491,-70.56345,-70.56418,-70.56401', '2020-04-28 01:57:16', '2020-04-28 01:58:02'),
(78, 'O02O09', '72', '#00FFCC', '-33.39828,-33.38989,-33.39634,-33.40279,-33.40759,-33.40824,-33.40738,-33.40723,-33.40852', '-70.57100,-70.54817,-70.54448,-70.54457,-70.54328,-70.55272,-70.55795,-70.56242,-70.56705', '2020-04-28 02:04:48', '2020-04-28 02:05:11'),
(79, 'O02O10', '74', '#FF00E1', '-33.43127,-33.45361,-33.45053,-33.45275,-33.45390,-33.45304,-33.43098,-33.43177,-33.42912,-33.43069,-33.43127', '-70.57426,-70.57040,-70.54740,-70.52594,-70.52062,-70.51676,-70.51555,-70.52345,-70.53924,-70.55426,-70.56997', '2020-04-28 02:13:47', '2020-04-28 02:13:47'),
(80, 'O02O11', '75', '#0096A3', '-33.45233,-33.46386,-33.46687,-33.47346,-33.48004,-33.46601,-33.45355,-33.45420,-33.45269,-33.45083', '-70.55838,-70.55066,-70.54989,-70.55486,-70.52113,-70.52216,-70.51770,-70.52148,-70.52937,-70.54826', '2020-04-28 02:22:14', '2020-04-28 02:22:37');

-- --------------------------------------------------------

--
-- Estructura de tabla para la tabla `permissions`
--

CREATE TABLE `permissions` (
  `id` int(10) UNSIGNED NOT NULL,
  `name` varchar(255) COLLATE utf8mb4_unicode_ci NOT NULL,
  `guard_name` varchar(255) COLLATE utf8mb4_unicode_ci NOT NULL,
  `created_at` timestamp NULL DEFAULT NULL,
  `updated_at` timestamp NULL DEFAULT NULL
) ENGINE=InnoDB DEFAULT CHARSET=utf8mb4 COLLATE=utf8mb4_unicode_ci;

--
-- Volcado de datos para la tabla `permissions`
--

INSERT INTO `permissions` (`id`, `name`, `guard_name`, `created_at`, `updated_at`) VALUES
(1, 'users.store', 'api', '2020-03-18 22:08:11', '2020-03-18 22:08:11'),
(2, 'users.create', 'api', '2020-03-18 22:08:11', '2020-03-18 22:08:11'),
(3, 'users.index', 'api', '2020-03-18 22:08:11', '2020-03-18 22:08:11'),
(4, 'users.update', 'api', '2020-03-18 22:08:11', '2020-03-18 22:08:11'),
(5, 'users.show', 'api', '2020-03-18 22:08:11', '2020-03-18 22:08:11'),
(6, 'users.destroy', 'api', '2020-03-18 22:08:11', '2020-03-18 22:08:11'),
(7, 'users.edit', 'api', '2020-03-18 22:08:11', '2020-03-18 22:08:11'),
(8, 'roles.store', 'api', '2020-03-18 22:08:11', '2020-03-18 22:08:11'),
(9, 'roles.create', 'api', '2020-03-18 22:08:11', '2020-03-18 22:08:11'),
(10, 'roles.index', 'api', '2020-03-18 22:08:11', '2020-03-18 22:08:11'),
(11, 'roles.update', 'api', '2020-03-18 22:08:11', '2020-03-18 22:08:11'),
(12, 'roles.show', 'api', '2020-03-18 22:08:11', '2020-03-18 22:08:11'),
(13, 'roles.destroy', 'api', '2020-03-18 22:08:11', '2020-03-18 22:08:11'),
(14, 'roles.edit', 'api', '2020-03-18 22:08:11', '2020-03-18 22:08:11'),
(15, 'moviles.store', 'api', '2020-03-18 22:08:11', '2020-03-18 22:08:11'),
(16, 'moviles.create', 'api', '2020-03-18 22:08:11', '2020-03-18 22:08:11'),
(17, 'moviles.index', 'api', '2020-03-18 22:08:11', '2020-03-18 22:08:11'),
(18, 'moviles.update', 'api', '2020-03-18 22:08:11', '2020-03-18 22:08:11'),
(19, 'moviles.show', 'api', '2020-03-18 22:08:11', '2020-03-18 22:08:11'),
(20, 'moviles.destroy', 'api', '2020-03-18 22:08:11', '2020-03-18 22:08:11'),
(21, 'moviles.edit', 'api', '2020-03-18 22:08:11', '2020-03-18 22:08:11'),
(22, 'empresas.store', 'api', '2020-03-18 22:08:11', '2020-03-18 22:08:11'),
(23, 'empresas.create', 'api', '2020-03-18 22:08:11', '2020-03-18 22:08:11'),
(24, 'empresas.index', 'api', '2020-03-18 22:08:11', '2020-03-18 22:08:11'),
(25, 'empresas.update', 'api', '2020-03-18 22:08:11', '2020-03-18 22:08:11'),
(26, 'empresas.show', 'api', '2020-03-18 22:08:11', '2020-03-18 22:08:11'),
(27, 'empresas.destroy', 'api', '2020-03-18 22:08:11', '2020-03-18 22:08:11'),
(28, 'empresas.edit', 'api', '2020-03-18 22:08:11', '2020-03-18 22:08:11'),
(29, 'excepciones.store', 'api', '2020-03-18 22:08:11', '2020-03-18 22:08:11'),
(30, 'excepciones.create', 'api', '2020-03-18 22:08:11', '2020-03-18 22:08:11'),
(31, 'excepciones.index', 'api', '2020-03-18 22:08:11', '2020-03-18 22:08:11'),
(32, 'excepciones.update', 'api', '2020-03-18 22:08:11', '2020-03-18 22:08:11'),
(33, 'excepciones.show', 'api', '2020-03-18 22:08:11', '2020-03-18 22:08:11'),
(34, 'excepciones.destroy', 'api', '2020-03-18 22:08:11', '2020-03-18 22:08:11'),
(35, 'excepciones.edit', 'api', '2020-03-18 22:08:11', '2020-03-18 22:08:11'),
(36, 'observaciones.store', 'api', '2020-03-18 22:08:11', '2020-03-18 22:08:11'),
(37, 'observaciones.create', 'api', '2020-03-18 22:08:11', '2020-03-18 22:08:11'),
(38, 'observaciones.index', 'api', '2020-03-18 22:08:11', '2020-03-18 22:08:11'),
(39, 'observaciones.update', 'api', '2020-03-18 22:08:11', '2020-03-18 22:08:11'),
(40, 'observaciones.show', 'api', '2020-03-18 22:08:11', '2020-03-18 22:08:11'),
(41, 'observaciones.destroy', 'api', '2020-03-18 22:08:11', '2020-03-18 22:08:11'),
(42, 'observaciones.edit', 'api', '2020-03-18 22:08:11', '2020-03-18 22:08:11'),
(43, 'obsinternas.store', 'api', '2020-03-18 22:08:11', '2020-03-18 22:08:11'),
(44, 'obsinternas.create', 'api', '2020-03-18 22:08:11', '2020-03-18 22:08:11'),
(45, 'obsinternas.index', 'api', '2020-03-18 22:08:11', '2020-03-18 22:08:11'),
(46, 'obsinternas.update', 'api', '2020-03-18 22:08:11', '2020-03-18 22:08:11'),
(47, 'obsinternas.show', 'api', '2020-03-18 22:08:11', '2020-03-18 22:08:11'),
(48, 'obsinternas.destroy', 'api', '2020-03-18 22:08:11', '2020-03-18 22:08:11'),
(49, 'obsinternas.edit', 'api', '2020-03-18 22:08:11', '2020-03-18 22:08:11'),
(50, 'fuerazona.store', 'api', '2020-03-18 22:08:11', '2020-03-18 22:08:11'),
(51, 'fuerazona.create', 'api', '2020-03-18 22:08:11', '2020-03-18 22:08:11'),
(52, 'fuerazona.index', 'api', '2020-03-18 22:08:11', '2020-03-18 22:08:11'),
(53, 'fuerazona.update', 'api', '2020-03-18 22:08:11', '2020-03-18 22:08:11'),
(54, 'fuerazona.show', 'api', '2020-03-18 22:08:11', '2020-03-18 22:08:11'),
(55, 'fuerazona.destroy', 'api', '2020-03-18 22:08:11', '2020-03-18 22:08:11'),
(56, 'fuerazona.edit', 'api', '2020-03-18 22:08:11', '2020-03-18 22:08:11'),
(57, 'servpasajeros.store', 'api', '2020-03-18 22:08:11', '2020-03-18 22:08:11'),
(58, 'servpasajeros.create', 'api', '2020-03-18 22:08:11', '2020-03-18 22:08:11'),
(59, 'servpasajeros.index', 'api', '2020-03-18 22:08:11', '2020-03-18 22:08:11'),
(60, 'servpasajeros.update', 'api', '2020-03-18 22:08:11', '2020-03-18 22:08:11'),
(61, 'servpasajeros.show', 'api', '2020-03-18 22:08:11', '2020-03-18 22:08:11'),
(62, 'servpasajeros.destroy', 'api', '2020-03-18 22:08:11', '2020-03-18 22:08:11'),
(63, 'servpasajeros.edit', 'api', '2020-03-18 22:08:11', '2020-03-18 22:08:11'),
(64, 'servkms.store', 'api', '2020-03-18 22:08:11', '2020-03-18 22:08:11'),
(65, 'servkms.create', 'api', '2020-03-18 22:08:11', '2020-03-18 22:08:11'),
(66, 'servkms.index', 'api', '2020-03-18 22:08:11', '2020-03-18 22:08:11'),
(67, 'servkms.update', 'api', '2020-03-18 22:08:11', '2020-03-18 22:08:11'),
(68, 'servkms.show', 'api', '2020-03-18 22:08:11', '2020-03-18 22:08:11'),
(69, 'servkms.destroy', 'api', '2020-03-18 22:08:11', '2020-03-18 22:08:11'),
(70, 'servkms.edit', 'api', '2020-03-18 22:08:11', '2020-03-18 22:08:11'),
(71, 'servplanas.store', 'api', '2020-03-18 22:08:11', '2020-03-18 22:08:11'),
(72, 'servplanas.create', 'api', '2020-03-18 22:08:11', '2020-03-18 22:08:11'),
(73, 'servplanas.index', 'api', '2020-03-18 22:08:11', '2020-03-18 22:08:11'),
(74, 'servplanas.update', 'api', '2020-03-18 22:08:11', '2020-03-18 22:08:11'),
(75, 'servplanas.show', 'api', '2020-03-18 22:08:11', '2020-03-18 22:08:11'),
(76, 'servplanas.destroy', 'api', '2020-03-18 22:08:11', '2020-03-18 22:08:11'),
(77, 'servplanas.edit', 'api', '2020-03-18 22:08:11', '2020-03-18 22:08:11'),
(78, 'patrones.store', 'api', '2020-03-18 22:08:11', '2020-03-18 22:08:11'),
(79, 'patrones.create', 'api', '2020-03-18 22:08:11', '2020-03-18 22:08:11'),
(80, 'patrones.index', 'api', '2020-03-18 22:08:11', '2020-03-18 22:08:11'),
(81, 'patrones.update', 'api', '2020-03-18 22:08:11', '2020-03-18 22:08:11'),
(82, 'patrones.show', 'api', '2020-03-18 22:08:11', '2020-03-18 22:08:11'),
(83, 'patrones.destroy', 'api', '2020-03-18 22:08:11', '2020-03-18 22:08:11'),
(84, 'patrones.edit', 'api', '2020-03-18 22:08:11', '2020-03-18 22:08:11'),
(85, 'grupopatrones.store', 'api', '2020-03-18 22:08:11', '2020-03-18 22:08:11'),
(86, 'grupopatrones.create', 'api', '2020-03-18 22:08:11', '2020-03-18 22:08:11'),
(87, 'grupopatrones.index', 'api', '2020-03-18 22:08:11', '2020-03-18 22:08:11'),
(88, 'grupopatrones.update', 'api', '2020-03-18 22:08:11', '2020-03-18 22:08:11'),
(89, 'grupopatrones.show', 'api', '2020-03-18 22:08:11', '2020-03-18 22:08:11'),
(90, 'grupopatrones.destroy', 'api', '2020-03-18 22:08:11', '2020-03-18 22:08:11'),
(91, 'grupopatrones.edit', 'api', '2020-03-18 22:08:11', '2020-03-18 22:08:11'),
(92, 'codificaciones.store', 'api', '2020-03-18 22:08:11', '2020-03-18 22:08:11'),
(93, 'codificaciones.create', 'api', '2020-03-18 22:08:11', '2020-03-18 22:08:11'),
(94, 'codificaciones.index', 'api', '2020-03-18 22:08:11', '2020-03-18 22:08:11'),
(95, 'codificaciones.update', 'api', '2020-03-18 22:08:11', '2020-03-18 22:08:11'),
(96, 'codificaciones.show', 'api', '2020-03-18 22:08:11', '2020-03-18 22:08:11'),
(97, 'codificaciones.destroy', 'api', '2020-03-18 22:08:11', '2020-03-18 22:08:11'),
(98, 'codificaciones.edit', 'api', '2020-03-18 22:08:11', '2020-03-18 22:08:11'),
(99, 'horarios.store', 'api', '2020-03-18 22:08:11', '2020-03-18 22:08:11'),
(100, 'horarios.create', 'api', '2020-03-18 22:08:11', '2020-03-18 22:08:11'),
(101, 'horarios.index', 'api', '2020-03-18 22:08:11', '2020-03-18 22:08:11'),
(102, 'horarios.update', 'api', '2020-03-18 22:08:11', '2020-03-18 22:08:11'),
(103, 'horarios.show', 'api', '2020-03-18 22:08:11', '2020-03-18 22:08:11'),
(104, 'horarios.destroy', 'api', '2020-03-18 22:08:11', '2020-03-18 22:08:11'),
(105, 'horarios.edit', 'api', '2020-03-18 22:08:11', '2020-03-18 22:08:11'),
(106, 'matriz.store', 'api', '2020-03-18 22:08:11', '2020-03-18 22:08:11'),
(107, 'matriz.create', 'api', '2020-03-18 22:08:11', '2020-03-18 22:08:11'),
(108, 'matriz.index', 'api', '2020-03-18 22:08:11', '2020-03-18 22:08:11'),
(109, 'matriz.update', 'api', '2020-03-18 22:08:11', '2020-03-18 22:08:11'),
(110, 'matriz.show', 'api', '2020-03-18 22:08:11', '2020-03-18 22:08:11'),
(111, 'matriz.destroy', 'api', '2020-03-18 22:08:11', '2020-03-18 22:08:11'),
(112, 'matriz.edit', 'api', '2020-03-18 22:08:11', '2020-03-18 22:08:11'),
(113, 'agendamientos.store', 'api', '2020-03-18 22:08:11', '2020-03-18 22:08:11'),
(114, 'agendamientos.create', 'api', '2020-03-18 22:08:11', '2020-03-18 22:08:11'),
(115, 'agendamientos.index', 'api', '2020-03-18 22:08:11', '2020-03-18 22:08:11'),
(116, 'agendamientos.update', 'api', '2020-03-18 22:08:11', '2020-03-18 22:08:11'),
(117, 'agendamientos.show', 'api', '2020-03-18 22:08:11', '2020-03-18 22:08:11'),
(118, 'agendamientos.destroy', 'api', '2020-03-18 22:08:11', '2020-03-18 22:08:11'),
(119, 'agendamientos.edit', 'api', '2020-03-18 22:08:11', '2020-03-18 22:08:11');

-- --------------------------------------------------------

--
-- Estructura de tabla para la tabla `responsables`
--

CREATE TABLE `responsables` (
  `id` bigint(20) UNSIGNED NOT NULL,
  `empresa_id` bigint(20) UNSIGNED NOT NULL,
  `name` varchar(255) COLLATE utf8mb4_unicode_ci NOT NULL,
  `email` varchar(255) COLLATE utf8mb4_unicode_ci NOT NULL,
  `telefono` varchar(255) COLLATE utf8mb4_unicode_ci NOT NULL,
  `created_at` timestamp NULL DEFAULT NULL,
  `updated_at` timestamp NULL DEFAULT NULL
) ENGINE=InnoDB DEFAULT CHARSET=utf8mb4 COLLATE=utf8mb4_unicode_ci;

--
-- Volcado de datos para la tabla `responsables`
--

INSERT INTO `responsables` (`id`, `empresa_id`, `name`, `email`, `telefono`, `created_at`, `updated_at`) VALUES
(1, 2, 'CLAUDIO', 'CALARCON@BAPP.CL', '935438118', '2020-03-20 01:40:04', '2020-03-20 01:40:04');

-- --------------------------------------------------------

--
-- Estructura de tabla para la tabla `roles`
--

CREATE TABLE `roles` (
  `id` int(10) UNSIGNED NOT NULL,
  `name` varchar(255) COLLATE utf8mb4_unicode_ci NOT NULL,
  `guard_name` varchar(255) COLLATE utf8mb4_unicode_ci NOT NULL,
  `created_at` timestamp NULL DEFAULT NULL,
  `updated_at` timestamp NULL DEFAULT NULL
) ENGINE=InnoDB DEFAULT CHARSET=utf8mb4 COLLATE=utf8mb4_unicode_ci;

--
-- Volcado de datos para la tabla `roles`
--

INSERT INTO `roles` (`id`, `name`, `guard_name`, `created_at`, `updated_at`) VALUES
(1, 'ADMINISTRADOR', 'api', '2020-03-18 22:08:11', '2020-03-18 22:08:11'),
(2, 'CONDUCTOR', 'api', '2020-03-18 22:08:11', '2020-03-18 22:08:11'),
(3, 'SUPERVISOR', 'api', '2020-03-19 21:23:50', '2020-03-19 21:23:50'),
(4, 'TESTING', 'api', '2021-07-16 22:10:26', '2021-07-16 22:10:26');

-- --------------------------------------------------------

--
-- Estructura de tabla para la tabla `role_has_permissions`
--

CREATE TABLE `role_has_permissions` (
  `permission_id` int(10) UNSIGNED NOT NULL,
  `role_id` int(10) UNSIGNED NOT NULL
) ENGINE=InnoDB DEFAULT CHARSET=utf8mb4 COLLATE=utf8mb4_unicode_ci;

--
-- Volcado de datos para la tabla `role_has_permissions`
--

INSERT INTO `role_has_permissions` (`permission_id`, `role_id`) VALUES
(1, 1),
(2, 1),
(3, 1),
(4, 1),
(5, 1),
(6, 1),
(7, 1),
(8, 1),
(9, 1),
(10, 1),
(11, 1),
(12, 1),
(13, 1),
(14, 1),
(15, 1),
(16, 1),
(17, 1),
(18, 1),
(19, 1),
(19, 3),
(20, 1),
(21, 1),
(22, 1),
(23, 1),
(24, 1),
(25, 1),
(26, 1),
(27, 1),
(28, 1),
(29, 1),
(30, 1),
(31, 1),
(32, 1),
(33, 1),
(34, 1),
(35, 1),
(36, 1),
(37, 1),
(38, 1),
(39, 1),
(40, 1),
(41, 1),
(42, 1),
(43, 1),
(44, 1),
(45, 1),
(46, 1),
(47, 1),
(48, 1),
(49, 1),
(50, 1),
(50, 4),
(51, 1),
(52, 1),
(53, 1),
(54, 1),
(55, 1),
(56, 1),
(57, 1),
(58, 1),
(59, 1),
(60, 1),
(61, 1),
(62, 1),
(63, 1),
(64, 1),
(65, 1),
(66, 1),
(67, 1),
(68, 1),
(69, 1),
(70, 1),
(71, 1),
(72, 1),
(73, 1),
(74, 1),
(75, 1),
(76, 1),
(77, 1),
(78, 1),
(79, 1),
(80, 1),
(81, 1),
(82, 1),
(83, 1),
(84, 1),
(85, 1),
(86, 1),
(87, 1),
(88, 1),
(89, 1),
(90, 1),
(91, 1),
(92, 1),
(93, 1),
(94, 1),
(95, 1),
(96, 1),
(97, 1),
(98, 1),
(99, 1),
(100, 1),
(101, 1),
(102, 1),
(103, 1),
(104, 1),
(105, 1),
(106, 1),
(107, 1),
(108, 1),
(109, 1),
(110, 1),
(111, 1),
(112, 1),
(113, 1),
(114, 1),
(115, 1),
(116, 1),
(117, 1),
(118, 1),
(119, 1);

-- --------------------------------------------------------

--
-- Estructura de tabla para la tabla `servicios_k_m_s_s`
--

CREATE TABLE `servicios_k_m_s_s` (
  `id` bigint(20) UNSIGNED NOT NULL,
  `descripcion` varchar(255) COLLATE utf8mb4_unicode_ci NOT NULL,
  `cant_psjs` int(11) NOT NULL,
  `min_servicio` decimal(9,2) NOT NULL,
  `kms` decimal(9,2) NOT NULL,
  `min` decimal(9,2) NOT NULL,
  `bajada_bandera` decimal(9,2) NOT NULL,
  `porticos` decimal(9,2) NOT NULL,
  `created_at` timestamp NULL DEFAULT NULL,
  `updated_at` timestamp NULL DEFAULT NULL
) ENGINE=InnoDB DEFAULT CHARSET=utf8mb4 COLLATE=utf8mb4_unicode_ci;

-- --------------------------------------------------------

--
-- Estructura de tabla para la tabla `servicios_pasajeros`
--

CREATE TABLE `servicios_pasajeros` (
  `id` bigint(20) UNSIGNED NOT NULL,
  `num_psj_min` int(11) NOT NULL,
  `num_psj_max` int(11) NOT NULL,
  `fac_rang_min` decimal(9,2) NOT NULL,
  `fac_rang_max` decimal(9,2) NOT NULL,
  `valor` decimal(9,2) NOT NULL,
  `fac_rang_fz1` decimal(9,2) NOT NULL,
  `valor_fz1` decimal(9,2) NOT NULL,
  `fac_rang_fz2` decimal(9,2) NOT NULL,
  `valor_fz2` decimal(9,2) NOT NULL,
  `created_at` timestamp NULL DEFAULT NULL,
  `updated_at` timestamp NULL DEFAULT NULL
) ENGINE=InnoDB DEFAULT CHARSET=utf8mb4 COLLATE=utf8mb4_unicode_ci;

-- --------------------------------------------------------

--
-- Estructura de tabla para la tabla `servicios_planas`
--

CREATE TABLE `servicios_planas` (
  `id` bigint(20) UNSIGNED NOT NULL,
  `minima` decimal(9,2) NOT NULL,
  `num_psj_min` int(11) NOT NULL,
  `num_psj_max` int(11) NOT NULL,
  `psj_adicional` decimal(9,2) NOT NULL,
  `fuera_zona_1` decimal(9,2) NOT NULL,
  `fuera_zona_2` decimal(9,2) NOT NULL,
  `created_at` timestamp NULL DEFAULT NULL,
  `updated_at` timestamp NULL DEFAULT NULL
) ENGINE=InnoDB DEFAULT CHARSET=utf8mb4 COLLATE=utf8mb4_unicode_ci;

-- --------------------------------------------------------

--
-- Estructura de tabla para la tabla `sucursals`
--

CREATE TABLE `sucursals` (
  `id` bigint(20) UNSIGNED NOT NULL,
  `empresa_id` bigint(20) UNSIGNED NOT NULL,
  `nombre` varchar(255) COLLATE utf8mb4_unicode_ci NOT NULL,
  `direccion` varchar(255) COLLATE utf8mb4_unicode_ci NOT NULL,
  `matriz` tinyint(1) DEFAULT NULL,
  `lat` decimal(10,5) DEFAULT NULL,
  `lng` decimal(10,5) DEFAULT NULL,
  `created_at` timestamp NULL DEFAULT NULL,
  `updated_at` timestamp NULL DEFAULT NULL
) ENGINE=InnoDB DEFAULT CHARSET=utf8mb4 COLLATE=utf8mb4_unicode_ci;

--
-- Volcado de datos para la tabla `sucursals`
--

INSERT INTO `sucursals` (`id`, `empresa_id`, `nombre`, `direccion`, `matriz`, `lat`, `lng`, `created_at`, `updated_at`) VALUES
(2, 2, 'CD MATRIZ', 'GRAL VELáSQUEZ 9981, SAN BERNARDO, REGIóN METROPOLITANA', 1, '-33.54337', '-70.70978', '2020-09-13 01:27:33', '2020-09-13 01:54:31'),
(3, 2, 'CD PU', 'CLAUDIO ARRAU, PUDAHUEL, REGIóN METROPOLITANA', 0, '-33.45058', '-70.75838', '2020-10-08 23:18:52', '2020-10-08 23:18:52');

-- --------------------------------------------------------

--
-- Estructura de tabla para la tabla `type_documents`
--

CREATE TABLE `type_documents` (
  `id` bigint(20) UNSIGNED NOT NULL,
  `name` varchar(255) COLLATE utf8mb4_unicode_ci NOT NULL,
  `tipo` tinyint(4) NOT NULL,
  `habilitado` tinyint(1) NOT NULL,
  `created_at` timestamp NULL DEFAULT NULL,
  `updated_at` timestamp NULL DEFAULT NULL
) ENGINE=InnoDB DEFAULT CHARSET=utf8mb4 COLLATE=utf8mb4_unicode_ci;

--
-- Volcado de datos para la tabla `type_documents`
--

INSERT INTO `type_documents` (`id`, `name`, `tipo`, `habilitado`, `created_at`, `updated_at`) VALUES
(1, 'CEDULA IDENTIDAD', 1, 1, '2020-03-18 22:08:11', '2020-03-18 22:08:11'),
(2, 'CERTIFICADO ANTECEDENTES PENALES', 1, 1, '2020-03-18 22:08:11', '2020-03-18 22:08:11'),
(3, 'LICENCIA DE CONDUCIR', 1, 1, '2020-03-18 22:08:11', '2020-03-18 22:08:11'),
(4, 'PADRON', 0, 1, '2020-03-18 22:08:11', '2020-03-18 22:08:11'),
(5, 'PERMISO CIRCULACION', 0, 1, '2020-03-18 22:08:11', '2020-03-18 22:08:11'),
(6, 'REVISION TECNICA', 0, 1, '2020-03-18 22:08:11', '2020-03-18 22:08:11'),
(7, 'CARTON MINISTERIAL (MTT)', 0, 1, '2020-03-18 22:08:11', '2020-03-18 22:08:11'),
(8, 'SEGURO OBLIGATORIO', 0, 1, '2020-03-18 22:08:11', '2020-03-18 22:08:11'),
(9, 'SEGURO VIDA CONDUCTOR', 1, 1, '2020-03-18 22:08:11', '2020-03-18 22:08:11'),
(10, 'SEGURO ASIENTO PASAJERO', 0, 1, '2020-03-18 22:08:11', '2020-03-18 22:08:11'),
(11, 'CEDULA IDENTIDAD', 2, 1, '2020-03-18 22:08:11', '2020-03-18 22:08:11'),
(12, 'CONTRATO', 2, 1, '2020-03-18 22:08:11', '2020-03-18 22:08:11');

-- --------------------------------------------------------

--
-- Estructura de tabla para la tabla `users`
--

CREATE TABLE `users` (
  `id` bigint(20) UNSIGNED NOT NULL,
  `empresa_id` bigint(20) UNSIGNED NOT NULL DEFAULT 1,
  `name` varchar(255) COLLATE utf8mb4_unicode_ci NOT NULL,
  `lastname` varchar(255) COLLATE utf8mb4_unicode_ci NOT NULL,
  `rut` varchar(255) COLLATE utf8mb4_unicode_ci NOT NULL,
  `email` varchar(255) COLLATE utf8mb4_unicode_ci NOT NULL,
  `email_verified_at` timestamp NULL DEFAULT NULL,
  `telefono` varchar(255) COLLATE utf8mb4_unicode_ci DEFAULT NULL,
  `habilitado` tinyint(1) DEFAULT NULL,
  `password` varchar(255) COLLATE utf8mb4_unicode_ci NOT NULL,
  `remember_token` varchar(100) COLLATE utf8mb4_unicode_ci DEFAULT NULL,
  `created_at` timestamp NULL DEFAULT NULL,
  `updated_at` timestamp NULL DEFAULT NULL,
  `imagen` varchar(255) COLLATE utf8mb4_unicode_ci DEFAULT NULL,
  `created_by` varchar(255) COLLATE utf8mb4_unicode_ci DEFAULT NULL,
  `updated_by` varchar(255) COLLATE utf8mb4_unicode_ci DEFAULT NULL
) ENGINE=InnoDB DEFAULT CHARSET=utf8mb4 COLLATE=utf8mb4_unicode_ci;

--
-- Volcado de datos para la tabla `users`
--

INSERT INTO `users` (`id`, `empresa_id`, `name`, `lastname`, `rut`, `email`, `email_verified_at`, `telefono`, `habilitado`, `password`, `remember_token`, `created_at`, `updated_at`, `imagen`, `created_by`, `updated_by`) VALUES
(1, 1, 'ADMINISTRADOR NUEVO', 'ADMINISTRADOR', '00000000', 'admin@bapp.cl', NULL, '00000000', 1, '$2y$10$eDCRU10/grWjOTVI/MAf8uws8exbJmA5c29FkLXkmP9M2TP9jVuHq', NULL, '2020-03-18 22:08:11', '2021-07-16 21:48:21', '/storage/images/Uppii8HxtcOkcUBxqBQEuJMwZDitSBarDhl5rVcw.jpeg', 'admin', 'JOSE'),
(2, 1, 'MARIA JOSE', 'SILVA MORALES', '17546221K', 'msilva@bapp.cl', NULL, '935438121', 1, '$2y$10$IDNFpp0Q/lYoLttUjgKYk.K/k2W/TXIrnz9CldeSJ2xrCtY0.BT6K', NULL, '2020-03-19 21:27:00', '2020-03-19 21:27:00', '/storage/images/bEhBuixSxAC8pDAkS3YPyYpboJybt8QKXqwMImbe.jpeg', 'admin', 'admin'),
(3, 1, 'JOSE', 'ERA', '27454293-4', 'jose@mail.com', NULL, '9999999', 1, '$2y$10$BeuARcj2YMNhFpjDEEg2TOFgOXFKjZs81UJq.RZGEb2iWyo6vvp5O', NULL, '2021-07-12 03:48:18', '2021-07-12 03:48:18', '/images/portrait/users/avatar.jpg', 'admin', 'admin'),
(5, 1, 'JOSE', 'ERA', '260212001', 'claudio.alarcon.gutierrez@gmail.com', NULL, '9999999', 1, '$2y$10$IBf2Itawc7ex3yttuLlyYOc3IOaH4xQKumT/KxlWEgr2YNjMtpIDu', '4RJQACetYuDSBDdKMTgOT52R5WYPhcwWtdBlAndblXivYXb2ZQAZjXd5M7Xh', '2021-07-12 15:25:09', '2021-07-16 21:52:58', '/storage/images/eFXB5WvETRcXXGTl2dndrFZt535FWxlArBPT0rts.jpeg', 'admin', 'JOSE'),
(11, 1, 'RODRIGO', 'RODRIGO', '197391170', 'jorfgfe@gmail.com', NULL, '9999999', 1, '$2y$10$IjXAQvqmm/uvhGgWNYDPBOdFlXBIYV2lLvcxzWXuRjapfdIdZD48G', NULL, '2021-07-16 22:11:17', '2021-07-16 22:11:17', '/images/portrait/users/avatar.jpg', 'JOSE', 'JOSE');

-- --------------------------------------------------------

--
-- Estructura de tabla para la tabla `users_has_cars`
--

CREATE TABLE `users_has_cars` (
  `id` bigint(20) UNSIGNED NOT NULL,
  `user_id` bigint(20) UNSIGNED NOT NULL,
  `car_id` bigint(20) UNSIGNED NOT NULL,
  `habilitado` tinyint(1) NOT NULL,
  `created_at` timestamp NULL DEFAULT NULL,
  `updated_at` timestamp NULL DEFAULT NULL
) ENGINE=InnoDB DEFAULT CHARSET=utf8mb4 COLLATE=utf8mb4_unicode_ci;

--
-- Índices para tablas volcadas
--

--
-- Indices de la tabla `agendamientos`
--
ALTER TABLE `agendamientos`
  ADD PRIMARY KEY (`id`),
  ADD KEY `agendamientos_codificacion_id_foreign` (`codificacion_id`),
  ADD KEY `agendamientos_horario_plan_foreign` (`horario_plan`),
  ADD KEY `agendamientos_usuario_id_foreign` (`usuario_id`);

--
-- Indices de la tabla `cars`
--
ALTER TABLE `cars`
  ADD PRIMARY KEY (`id`),
  ADD UNIQUE KEY `cars_patente_unique` (`patente`);

--
-- Indices de la tabla `cars_has_documents`
--
ALTER TABLE `cars_has_documents`
  ADD PRIMARY KEY (`id`),
  ADD KEY `cars_has_documents_car_id_foreign` (`car_id`),
  ADD KEY `cars_has_documents_document_id_foreign` (`document_id`);

--
-- Indices de la tabla `cars_has_empresas`
--
ALTER TABLE `cars_has_empresas`
  ADD PRIMARY KEY (`id`),
  ADD KEY `cars_has_empresas_car_id_foreign` (`car_id`),
  ADD KEY `cars_has_empresas_empresa_id_foreign` (`empresa_id`);

--
-- Indices de la tabla `ciclofacturacions`
--
ALTER TABLE `ciclofacturacions`
  ADD PRIMARY KEY (`id`),
  ADD KEY `ciclofacturacions_empresa_id_foreign` (`empresa_id`);

--
-- Indices de la tabla `cicloproduccions`
--
ALTER TABLE `cicloproduccions`
  ADD PRIMARY KEY (`id`),
  ADD KEY `cicloproduccions_empresa_id_foreign` (`empresa_id`);

--
-- Indices de la tabla `codificaciones`
--
ALTER TABLE `codificaciones`
  ADD PRIMARY KEY (`id`),
  ADD UNIQUE KEY `codificaciones_rut_unique` (`rut`),
  ADD KEY `codificaciones_sucursal_id_foreign` (`sucursal_id`),
  ADD KEY `codificaciones_grupo_patron_id_foreign` (`grupo_patron_id`);

--
-- Indices de la tabla `conductores_has_cars`
--
ALTER TABLE `conductores_has_cars`
  ADD PRIMARY KEY (`id`),
  ADD KEY `conductores_has_cars_driver_id_foreign` (`driver_id`),
  ADD KEY `conductores_has_cars_car_id_foreign` (`car_id`);

--
-- Indices de la tabla `documents`
--
ALTER TABLE `documents`
  ADD PRIMARY KEY (`id`),
  ADD KEY `documents_type_document_id_foreign` (`type_document_id`);

--
-- Indices de la tabla `drivers`
--
ALTER TABLE `drivers`
  ADD PRIMARY KEY (`id`),
  ADD UNIQUE KEY `drivers_rut_unique` (`rut`);

--
-- Indices de la tabla `drivers_has_cars`
--
ALTER TABLE `drivers_has_cars`
  ADD PRIMARY KEY (`id`),
  ADD KEY `drivers_has_cars_driver_id_foreign` (`driver_id`),
  ADD KEY `drivers_has_cars_car_id_foreign` (`car_id`);

--
-- Indices de la tabla `drivers_has_documents`
--
ALTER TABLE `drivers_has_documents`
  ADD PRIMARY KEY (`id`),
  ADD KEY `drivers_has_documents_driver_id_foreign` (`driver_id`),
  ADD KEY `drivers_has_documents_document_id_foreign` (`document_id`);

--
-- Indices de la tabla `drivers_has_drivers`
--
ALTER TABLE `drivers_has_drivers`
  ADD PRIMARY KEY (`id`),
  ADD KEY `drivers_has_drivers_driver_id_foreign` (`driver_id`),
  ADD KEY `drivers_has_drivers_asociado_id_foreign` (`asociado_id`);

--
-- Indices de la tabla `empresas`
--
ALTER TABLE `empresas`
  ADD PRIMARY KEY (`id`),
  ADD UNIQUE KEY `empresas_rut_unique` (`rut`);

--
-- Indices de la tabla `empresas_has_serv_k_m_s_s`
--
ALTER TABLE `empresas_has_serv_k_m_s_s`
  ADD PRIMARY KEY (`id`),
  ADD KEY `empresas_has_serv_k_m_s_s_empresa_id_foreign` (`empresa_id`),
  ADD KEY `empresas_has_serv_k_m_s_s_serv_kms_id_foreign` (`serv_kms_id`);

--
-- Indices de la tabla `empresas_has_serv_planas`
--
ALTER TABLE `empresas_has_serv_planas`
  ADD PRIMARY KEY (`id`),
  ADD KEY `empresas_has_serv_planas_empresa_id_foreign` (`empresa_id`),
  ADD KEY `empresas_has_serv_planas_serv_planas_id_foreign` (`serv_planas_id`);

--
-- Indices de la tabla `empresas_has_serv_psjs`
--
ALTER TABLE `empresas_has_serv_psjs`
  ADD PRIMARY KEY (`id`),
  ADD KEY `empresas_has_serv_psjs_empresa_id_foreign` (`empresa_id`),
  ADD KEY `empresas_has_serv_psjs_serv_psj_id_foreign` (`serv_psj_id`);

--
-- Indices de la tabla `excepciones`
--
ALTER TABLE `excepciones`
  ADD PRIMARY KEY (`id`),
  ADD UNIQUE KEY `excepciones_rut_unique` (`rut`),
  ADD KEY `excepciones_sucursal_id_foreign` (`sucursal_id`);

--
-- Indices de la tabla `fuerazonas`
--
ALTER TABLE `fuerazonas`
  ADD PRIMARY KEY (`id`),
  ADD KEY `fuerazonas_sucursal_id_foreign` (`sucursal_id`);

--
-- Indices de la tabla `grupo_patrons`
--
ALTER TABLE `grupo_patrons`
  ADD PRIMARY KEY (`id`),
  ADD UNIQUE KEY `grupo_patrons_codigo_unique` (`codigo`);

--
-- Indices de la tabla `grupo_patron_has_patrones`
--
ALTER TABLE `grupo_patron_has_patrones`
  ADD PRIMARY KEY (`id`),
  ADD KEY `grupo_patron_has_patrones_grupopatrones_id_foreign` (`grupopatrones_id`),
  ADD KEY `grupo_patron_has_patrones_patron_id_foreign` (`patron_id`);

--
-- Indices de la tabla `grupo_patron_has_sucursales`
--
ALTER TABLE `grupo_patron_has_sucursales`
  ADD PRIMARY KEY (`id`),
  ADD KEY `grupo_patron_has_sucursales_grupopatrones_id_foreign` (`grupopatrones_id`),
  ADD KEY `grupo_patron_has_sucursales_sucursal_id_foreign` (`sucursal_id`);

--
-- Indices de la tabla `horarios`
--
ALTER TABLE `horarios`
  ADD PRIMARY KEY (`id`);

--
-- Indices de la tabla `horarios_has_sucursales`
--
ALTER TABLE `horarios_has_sucursales`
  ADD PRIMARY KEY (`id`),
  ADD KEY `horarios_has_sucursales_horario_id_foreign` (`horario_id`),
  ADD KEY `horarios_has_sucursales_sucursal_id_foreign` (`sucursal_id`);

--
-- Indices de la tabla `matrizs`
--
ALTER TABLE `matrizs`
  ADD PRIMARY KEY (`id`),
  ADD KEY `matrizs_grupopatrones_id_foreign` (`grupopatrones_id`),
  ADD KEY `matrizs_car_id_foreign` (`car_id`),
  ADD KEY `matrizs_horario_id_foreign` (`horario_id`),
  ADD KEY `matrizs_sucursal_id_foreign` (`sucursal_id`);

--
-- Indices de la tabla `migrations`
--
ALTER TABLE `migrations`
  ADD PRIMARY KEY (`id`);

--
-- Indices de la tabla `model_has_permissions`
--
ALTER TABLE `model_has_permissions`
  ADD PRIMARY KEY (`permission_id`,`model_id`,`model_type`),
  ADD KEY `model_has_permissions_model_id_model_type_index` (`model_id`,`model_type`);

--
-- Indices de la tabla `model_has_roles`
--
ALTER TABLE `model_has_roles`
  ADD PRIMARY KEY (`role_id`,`model_id`,`model_type`),
  ADD KEY `model_has_roles_model_id_model_type_index` (`model_id`,`model_type`);

--
-- Indices de la tabla `observaciones`
--
ALTER TABLE `observaciones`
  ADD PRIMARY KEY (`id`);

--
-- Indices de la tabla `observacionesinternas`
--
ALTER TABLE `observacionesinternas`
  ADD PRIMARY KEY (`id`);

--
-- Indices de la tabla `password_resets`
--
ALTER TABLE `password_resets`
  ADD KEY `password_resets_email_index` (`email`);

--
-- Indices de la tabla `patrons`
--
ALTER TABLE `patrons`
  ADD PRIMARY KEY (`id`),
  ADD UNIQUE KEY `patrons_codigo_unique` (`codigo`);

--
-- Indices de la tabla `permissions`
--
ALTER TABLE `permissions`
  ADD PRIMARY KEY (`id`);

--
-- Indices de la tabla `responsables`
--
ALTER TABLE `responsables`
  ADD PRIMARY KEY (`id`),
  ADD KEY `responsables_empresa_id_foreign` (`empresa_id`);

--
-- Indices de la tabla `roles`
--
ALTER TABLE `roles`
  ADD PRIMARY KEY (`id`);

--
-- Indices de la tabla `role_has_permissions`
--
ALTER TABLE `role_has_permissions`
  ADD PRIMARY KEY (`permission_id`,`role_id`),
  ADD KEY `role_has_permissions_role_id_foreign` (`role_id`);

--
-- Indices de la tabla `servicios_k_m_s_s`
--
ALTER TABLE `servicios_k_m_s_s`
  ADD PRIMARY KEY (`id`);

--
-- Indices de la tabla `servicios_pasajeros`
--
ALTER TABLE `servicios_pasajeros`
  ADD PRIMARY KEY (`id`);

--
-- Indices de la tabla `servicios_planas`
--
ALTER TABLE `servicios_planas`
  ADD PRIMARY KEY (`id`);

--
-- Indices de la tabla `sucursals`
--
ALTER TABLE `sucursals`
  ADD PRIMARY KEY (`id`),
  ADD KEY `sucursals_empresa_id_foreign` (`empresa_id`);

--
-- Indices de la tabla `type_documents`
--
ALTER TABLE `type_documents`
  ADD PRIMARY KEY (`id`);

--
-- Indices de la tabla `users`
--
ALTER TABLE `users`
  ADD PRIMARY KEY (`id`),
  ADD UNIQUE KEY `users_rut_unique` (`rut`),
  ADD KEY `users_empresa_id_foreign` (`empresa_id`);

--
-- Indices de la tabla `users_has_cars`
--
ALTER TABLE `users_has_cars`
  ADD PRIMARY KEY (`id`),
  ADD KEY `users_has_cars_user_id_foreign` (`user_id`),
  ADD KEY `users_has_cars_car_id_foreign` (`car_id`);

--
-- AUTO_INCREMENT de las tablas volcadas
--

--
-- AUTO_INCREMENT de la tabla `agendamientos`
--
ALTER TABLE `agendamientos`
  MODIFY `id` bigint(20) UNSIGNED NOT NULL AUTO_INCREMENT, AUTO_INCREMENT=49;

--
-- AUTO_INCREMENT de la tabla `cars`
--
ALTER TABLE `cars`
  MODIFY `id` bigint(20) UNSIGNED NOT NULL AUTO_INCREMENT, AUTO_INCREMENT=3;

--
-- AUTO_INCREMENT de la tabla `cars_has_documents`
--
ALTER TABLE `cars_has_documents`
  MODIFY `id` bigint(20) UNSIGNED NOT NULL AUTO_INCREMENT, AUTO_INCREMENT=2;

--
-- AUTO_INCREMENT de la tabla `cars_has_empresas`
--
ALTER TABLE `cars_has_empresas`
  MODIFY `id` bigint(20) UNSIGNED NOT NULL AUTO_INCREMENT, AUTO_INCREMENT=4;

--
-- AUTO_INCREMENT de la tabla `ciclofacturacions`
--
ALTER TABLE `ciclofacturacions`
  MODIFY `id` bigint(20) UNSIGNED NOT NULL AUTO_INCREMENT, AUTO_INCREMENT=2;

--
-- AUTO_INCREMENT de la tabla `cicloproduccions`
--
ALTER TABLE `cicloproduccions`
  MODIFY `id` bigint(20) UNSIGNED NOT NULL AUTO_INCREMENT, AUTO_INCREMENT=2;

--
-- AUTO_INCREMENT de la tabla `codificaciones`
--
ALTER TABLE `codificaciones`
  MODIFY `id` bigint(20) UNSIGNED NOT NULL AUTO_INCREMENT, AUTO_INCREMENT=1000;

--
-- AUTO_INCREMENT de la tabla `conductores_has_cars`
--
ALTER TABLE `conductores_has_cars`
  MODIFY `id` bigint(20) UNSIGNED NOT NULL AUTO_INCREMENT, AUTO_INCREMENT=4;

--
-- AUTO_INCREMENT de la tabla `documents`
--
ALTER TABLE `documents`
  MODIFY `id` bigint(20) UNSIGNED NOT NULL AUTO_INCREMENT, AUTO_INCREMENT=4;

--
-- AUTO_INCREMENT de la tabla `drivers`
--
ALTER TABLE `drivers`
  MODIFY `id` bigint(20) UNSIGNED NOT NULL AUTO_INCREMENT, AUTO_INCREMENT=3;

--
-- AUTO_INCREMENT de la tabla `drivers_has_cars`
--
ALTER TABLE `drivers_has_cars`
  MODIFY `id` bigint(20) UNSIGNED NOT NULL AUTO_INCREMENT, AUTO_INCREMENT=2;

--
-- AUTO_INCREMENT de la tabla `drivers_has_documents`
--
ALTER TABLE `drivers_has_documents`
  MODIFY `id` bigint(20) UNSIGNED NOT NULL AUTO_INCREMENT, AUTO_INCREMENT=3;

--
-- AUTO_INCREMENT de la tabla `drivers_has_drivers`
--
ALTER TABLE `drivers_has_drivers`
  MODIFY `id` bigint(20) UNSIGNED NOT NULL AUTO_INCREMENT, AUTO_INCREMENT=4;

--
-- AUTO_INCREMENT de la tabla `empresas`
--
ALTER TABLE `empresas`
  MODIFY `id` bigint(20) UNSIGNED NOT NULL AUTO_INCREMENT, AUTO_INCREMENT=3;

--
-- AUTO_INCREMENT de la tabla `empresas_has_serv_k_m_s_s`
--
ALTER TABLE `empresas_has_serv_k_m_s_s`
  MODIFY `id` bigint(20) UNSIGNED NOT NULL AUTO_INCREMENT;

--
-- AUTO_INCREMENT de la tabla `empresas_has_serv_planas`
--
ALTER TABLE `empresas_has_serv_planas`
  MODIFY `id` bigint(20) UNSIGNED NOT NULL AUTO_INCREMENT;

--
-- AUTO_INCREMENT de la tabla `empresas_has_serv_psjs`
--
ALTER TABLE `empresas_has_serv_psjs`
  MODIFY `id` bigint(20) UNSIGNED NOT NULL AUTO_INCREMENT;

--
-- AUTO_INCREMENT de la tabla `excepciones`
--
ALTER TABLE `excepciones`
  MODIFY `id` bigint(20) UNSIGNED NOT NULL AUTO_INCREMENT;

--
-- AUTO_INCREMENT de la tabla `fuerazonas`
--
ALTER TABLE `fuerazonas`
  MODIFY `id` bigint(20) UNSIGNED NOT NULL AUTO_INCREMENT;

--
-- AUTO_INCREMENT de la tabla `grupo_patrons`
--
ALTER TABLE `grupo_patrons`
  MODIFY `id` bigint(20) UNSIGNED NOT NULL AUTO_INCREMENT, AUTO_INCREMENT=5;

--
-- AUTO_INCREMENT de la tabla `grupo_patron_has_patrones`
--
ALTER TABLE `grupo_patron_has_patrones`
  MODIFY `id` bigint(20) UNSIGNED NOT NULL AUTO_INCREMENT, AUTO_INCREMENT=10;

--
-- AUTO_INCREMENT de la tabla `grupo_patron_has_sucursales`
--
ALTER TABLE `grupo_patron_has_sucursales`
  MODIFY `id` bigint(20) UNSIGNED NOT NULL AUTO_INCREMENT, AUTO_INCREMENT=5;

--
-- AUTO_INCREMENT de la tabla `horarios`
--
ALTER TABLE `horarios`
  MODIFY `id` bigint(20) UNSIGNED NOT NULL AUTO_INCREMENT, AUTO_INCREMENT=7;

--
-- AUTO_INCREMENT de la tabla `horarios_has_sucursales`
--
ALTER TABLE `horarios_has_sucursales`
  MODIFY `id` bigint(20) UNSIGNED NOT NULL AUTO_INCREMENT, AUTO_INCREMENT=10;

--
-- AUTO_INCREMENT de la tabla `matrizs`
--
ALTER TABLE `matrizs`
  MODIFY `id` bigint(20) UNSIGNED NOT NULL AUTO_INCREMENT, AUTO_INCREMENT=3;

--
-- AUTO_INCREMENT de la tabla `migrations`
--
ALTER TABLE `migrations`
  MODIFY `id` int(10) UNSIGNED NOT NULL AUTO_INCREMENT, AUTO_INCREMENT=39;

--
-- AUTO_INCREMENT de la tabla `observaciones`
--
ALTER TABLE `observaciones`
  MODIFY `id` bigint(20) UNSIGNED NOT NULL AUTO_INCREMENT, AUTO_INCREMENT=2;

--
-- AUTO_INCREMENT de la tabla `observacionesinternas`
--
ALTER TABLE `observacionesinternas`
  MODIFY `id` bigint(20) UNSIGNED NOT NULL AUTO_INCREMENT, AUTO_INCREMENT=2;

--
-- AUTO_INCREMENT de la tabla `patrons`
--
ALTER TABLE `patrons`
  MODIFY `id` bigint(20) UNSIGNED NOT NULL AUTO_INCREMENT, AUTO_INCREMENT=81;

--
-- AUTO_INCREMENT de la tabla `permissions`
--
ALTER TABLE `permissions`
  MODIFY `id` int(10) UNSIGNED NOT NULL AUTO_INCREMENT, AUTO_INCREMENT=120;

--
-- AUTO_INCREMENT de la tabla `responsables`
--
ALTER TABLE `responsables`
  MODIFY `id` bigint(20) UNSIGNED NOT NULL AUTO_INCREMENT, AUTO_INCREMENT=2;

--
-- AUTO_INCREMENT de la tabla `roles`
--
ALTER TABLE `roles`
  MODIFY `id` int(10) UNSIGNED NOT NULL AUTO_INCREMENT, AUTO_INCREMENT=5;

--
-- AUTO_INCREMENT de la tabla `servicios_k_m_s_s`
--
ALTER TABLE `servicios_k_m_s_s`
  MODIFY `id` bigint(20) UNSIGNED NOT NULL AUTO_INCREMENT;

--
-- AUTO_INCREMENT de la tabla `servicios_pasajeros`
--
ALTER TABLE `servicios_pasajeros`
  MODIFY `id` bigint(20) UNSIGNED NOT NULL AUTO_INCREMENT;

--
-- AUTO_INCREMENT de la tabla `servicios_planas`
--
ALTER TABLE `servicios_planas`
  MODIFY `id` bigint(20) UNSIGNED NOT NULL AUTO_INCREMENT;

--
-- AUTO_INCREMENT de la tabla `sucursals`
--
ALTER TABLE `sucursals`
  MODIFY `id` bigint(20) UNSIGNED NOT NULL AUTO_INCREMENT, AUTO_INCREMENT=4;

--
-- AUTO_INCREMENT de la tabla `type_documents`
--
ALTER TABLE `type_documents`
  MODIFY `id` bigint(20) UNSIGNED NOT NULL AUTO_INCREMENT, AUTO_INCREMENT=13;

--
-- AUTO_INCREMENT de la tabla `users`
--
ALTER TABLE `users`
  MODIFY `id` bigint(20) UNSIGNED NOT NULL AUTO_INCREMENT, AUTO_INCREMENT=13;

--
-- AUTO_INCREMENT de la tabla `users_has_cars`
--
ALTER TABLE `users_has_cars`
  MODIFY `id` bigint(20) UNSIGNED NOT NULL AUTO_INCREMENT;

--
-- Restricciones para tablas volcadas
--

--
-- Filtros para la tabla `agendamientos`
--
ALTER TABLE `agendamientos`
  ADD CONSTRAINT `agendamientos_codificacion_id_foreign` FOREIGN KEY (`codificacion_id`) REFERENCES `codificaciones` (`id`) ON DELETE CASCADE,
  ADD CONSTRAINT `agendamientos_horario_plan_foreign` FOREIGN KEY (`horario_plan`) REFERENCES `horarios` (`id`),
  ADD CONSTRAINT `agendamientos_usuario_id_foreign` FOREIGN KEY (`usuario_id`) REFERENCES `users` (`id`);

--
-- Filtros para la tabla `cars_has_documents`
--
ALTER TABLE `cars_has_documents`
  ADD CONSTRAINT `cars_has_documents_car_id_foreign` FOREIGN KEY (`car_id`) REFERENCES `cars` (`id`) ON DELETE CASCADE,
  ADD CONSTRAINT `cars_has_documents_document_id_foreign` FOREIGN KEY (`document_id`) REFERENCES `documents` (`id`) ON DELETE CASCADE;

--
-- Filtros para la tabla `cars_has_empresas`
--
ALTER TABLE `cars_has_empresas`
  ADD CONSTRAINT `cars_has_empresas_car_id_foreign` FOREIGN KEY (`car_id`) REFERENCES `cars` (`id`) ON DELETE CASCADE,
  ADD CONSTRAINT `cars_has_empresas_empresa_id_foreign` FOREIGN KEY (`empresa_id`) REFERENCES `empresas` (`id`) ON DELETE CASCADE;

--
-- Filtros para la tabla `ciclofacturacions`
--
ALTER TABLE `ciclofacturacions`
  ADD CONSTRAINT `ciclofacturacions_empresa_id_foreign` FOREIGN KEY (`empresa_id`) REFERENCES `empresas` (`id`) ON DELETE CASCADE;

--
-- Filtros para la tabla `cicloproduccions`
--
ALTER TABLE `cicloproduccions`
  ADD CONSTRAINT `cicloproduccions_empresa_id_foreign` FOREIGN KEY (`empresa_id`) REFERENCES `empresas` (`id`) ON DELETE CASCADE;

--
-- Filtros para la tabla `codificaciones`
--
ALTER TABLE `codificaciones`
  ADD CONSTRAINT `codificaciones_grupo_patron_id_foreign` FOREIGN KEY (`grupo_patron_id`) REFERENCES `grupo_patrons` (`id`) ON DELETE CASCADE,
  ADD CONSTRAINT `codificaciones_sucursal_id_foreign` FOREIGN KEY (`sucursal_id`) REFERENCES `sucursals` (`id`) ON DELETE CASCADE;

--
-- Filtros para la tabla `conductores_has_cars`
--
ALTER TABLE `conductores_has_cars`
  ADD CONSTRAINT `conductores_has_cars_car_id_foreign` FOREIGN KEY (`car_id`) REFERENCES `cars` (`id`) ON DELETE CASCADE,
  ADD CONSTRAINT `conductores_has_cars_driver_id_foreign` FOREIGN KEY (`driver_id`) REFERENCES `drivers` (`id`) ON DELETE CASCADE;

--
-- Filtros para la tabla `documents`
--
ALTER TABLE `documents`
  ADD CONSTRAINT `documents_type_document_id_foreign` FOREIGN KEY (`type_document_id`) REFERENCES `type_documents` (`id`);

--
-- Filtros para la tabla `drivers_has_cars`
--
ALTER TABLE `drivers_has_cars`
  ADD CONSTRAINT `drivers_has_cars_car_id_foreign` FOREIGN KEY (`car_id`) REFERENCES `cars` (`id`) ON DELETE CASCADE,
  ADD CONSTRAINT `drivers_has_cars_driver_id_foreign` FOREIGN KEY (`driver_id`) REFERENCES `drivers` (`id`) ON DELETE CASCADE;

--
-- Filtros para la tabla `drivers_has_documents`
--
ALTER TABLE `drivers_has_documents`
  ADD CONSTRAINT `drivers_has_documents_document_id_foreign` FOREIGN KEY (`document_id`) REFERENCES `documents` (`id`) ON DELETE CASCADE,
  ADD CONSTRAINT `drivers_has_documents_driver_id_foreign` FOREIGN KEY (`driver_id`) REFERENCES `drivers` (`id`) ON DELETE CASCADE;

--
-- Filtros para la tabla `drivers_has_drivers`
--
ALTER TABLE `drivers_has_drivers`
  ADD CONSTRAINT `drivers_has_drivers_asociado_id_foreign` FOREIGN KEY (`asociado_id`) REFERENCES `drivers` (`id`) ON DELETE CASCADE,
  ADD CONSTRAINT `drivers_has_drivers_driver_id_foreign` FOREIGN KEY (`driver_id`) REFERENCES `drivers` (`id`) ON DELETE CASCADE;

--
-- Filtros para la tabla `empresas_has_serv_k_m_s_s`
--
ALTER TABLE `empresas_has_serv_k_m_s_s`
  ADD CONSTRAINT `empresas_has_serv_k_m_s_s_empresa_id_foreign` FOREIGN KEY (`empresa_id`) REFERENCES `empresas` (`id`),
  ADD CONSTRAINT `empresas_has_serv_k_m_s_s_serv_kms_id_foreign` FOREIGN KEY (`serv_kms_id`) REFERENCES `servicios_k_m_s_s` (`id`) ON DELETE CASCADE;

--
-- Filtros para la tabla `empresas_has_serv_planas`
--
ALTER TABLE `empresas_has_serv_planas`
  ADD CONSTRAINT `empresas_has_serv_planas_empresa_id_foreign` FOREIGN KEY (`empresa_id`) REFERENCES `empresas` (`id`),
  ADD CONSTRAINT `empresas_has_serv_planas_serv_planas_id_foreign` FOREIGN KEY (`serv_planas_id`) REFERENCES `servicios_planas` (`id`) ON DELETE CASCADE;

--
-- Filtros para la tabla `empresas_has_serv_psjs`
--
ALTER TABLE `empresas_has_serv_psjs`
  ADD CONSTRAINT `empresas_has_serv_psjs_empresa_id_foreign` FOREIGN KEY (`empresa_id`) REFERENCES `empresas` (`id`),
  ADD CONSTRAINT `empresas_has_serv_psjs_serv_psj_id_foreign` FOREIGN KEY (`serv_psj_id`) REFERENCES `servicios_pasajeros` (`id`) ON DELETE CASCADE;

--
-- Filtros para la tabla `excepciones`
--
ALTER TABLE `excepciones`
  ADD CONSTRAINT `excepciones_sucursal_id_foreign` FOREIGN KEY (`sucursal_id`) REFERENCES `sucursals` (`id`) ON DELETE CASCADE;

--
-- Filtros para la tabla `fuerazonas`
--
ALTER TABLE `fuerazonas`
  ADD CONSTRAINT `fuerazonas_sucursal_id_foreign` FOREIGN KEY (`sucursal_id`) REFERENCES `sucursals` (`id`) ON DELETE CASCADE;

--
-- Filtros para la tabla `grupo_patron_has_patrones`
--
ALTER TABLE `grupo_patron_has_patrones`
  ADD CONSTRAINT `grupo_patron_has_patrones_grupopatrones_id_foreign` FOREIGN KEY (`grupopatrones_id`) REFERENCES `grupo_patrons` (`id`) ON DELETE CASCADE,
  ADD CONSTRAINT `grupo_patron_has_patrones_patron_id_foreign` FOREIGN KEY (`patron_id`) REFERENCES `patrons` (`id`) ON DELETE CASCADE;

--
-- Filtros para la tabla `grupo_patron_has_sucursales`
--
ALTER TABLE `grupo_patron_has_sucursales`
  ADD CONSTRAINT `grupo_patron_has_sucursales_grupopatrones_id_foreign` FOREIGN KEY (`grupopatrones_id`) REFERENCES `grupo_patrons` (`id`) ON DELETE CASCADE,
  ADD CONSTRAINT `grupo_patron_has_sucursales_sucursal_id_foreign` FOREIGN KEY (`sucursal_id`) REFERENCES `sucursals` (`id`) ON DELETE CASCADE;

--
-- Filtros para la tabla `horarios_has_sucursales`
--
ALTER TABLE `horarios_has_sucursales`
  ADD CONSTRAINT `horarios_has_sucursales_horario_id_foreign` FOREIGN KEY (`horario_id`) REFERENCES `horarios` (`id`) ON DELETE CASCADE,
  ADD CONSTRAINT `horarios_has_sucursales_sucursal_id_foreign` FOREIGN KEY (`sucursal_id`) REFERENCES `sucursals` (`id`) ON DELETE CASCADE;

--
-- Filtros para la tabla `matrizs`
--
ALTER TABLE `matrizs`
  ADD CONSTRAINT `matrizs_car_id_foreign` FOREIGN KEY (`car_id`) REFERENCES `cars` (`id`) ON DELETE CASCADE,
  ADD CONSTRAINT `matrizs_grupopatrones_id_foreign` FOREIGN KEY (`grupopatrones_id`) REFERENCES `grupo_patrons` (`id`) ON DELETE CASCADE,
  ADD CONSTRAINT `matrizs_horario_id_foreign` FOREIGN KEY (`horario_id`) REFERENCES `horarios` (`id`) ON DELETE CASCADE,
  ADD CONSTRAINT `matrizs_sucursal_id_foreign` FOREIGN KEY (`sucursal_id`) REFERENCES `sucursals` (`id`) ON DELETE CASCADE;

--
-- Filtros para la tabla `model_has_permissions`
--
ALTER TABLE `model_has_permissions`
  ADD CONSTRAINT `model_has_permissions_permission_id_foreign` FOREIGN KEY (`permission_id`) REFERENCES `permissions` (`id`) ON DELETE CASCADE;

--
-- Filtros para la tabla `model_has_roles`
--
ALTER TABLE `model_has_roles`
  ADD CONSTRAINT `model_has_roles_role_id_foreign` FOREIGN KEY (`role_id`) REFERENCES `roles` (`id`) ON DELETE CASCADE;

--
-- Filtros para la tabla `responsables`
--
ALTER TABLE `responsables`
  ADD CONSTRAINT `responsables_empresa_id_foreign` FOREIGN KEY (`empresa_id`) REFERENCES `empresas` (`id`) ON DELETE CASCADE;

--
-- Filtros para la tabla `role_has_permissions`
--
ALTER TABLE `role_has_permissions`
  ADD CONSTRAINT `role_has_permissions_permission_id_foreign` FOREIGN KEY (`permission_id`) REFERENCES `permissions` (`id`) ON DELETE CASCADE,
  ADD CONSTRAINT `role_has_permissions_role_id_foreign` FOREIGN KEY (`role_id`) REFERENCES `roles` (`id`) ON DELETE CASCADE;

--
-- Filtros para la tabla `sucursals`
--
ALTER TABLE `sucursals`
  ADD CONSTRAINT `sucursals_empresa_id_foreign` FOREIGN KEY (`empresa_id`) REFERENCES `empresas` (`id`) ON DELETE CASCADE;

--
-- Filtros para la tabla `users`
--
ALTER TABLE `users`
  ADD CONSTRAINT `users_empresa_id_foreign` FOREIGN KEY (`empresa_id`) REFERENCES `empresas` (`id`) ON DELETE CASCADE;

--
-- Filtros para la tabla `users_has_cars`
--
ALTER TABLE `users_has_cars`
  ADD CONSTRAINT `users_has_cars_car_id_foreign` FOREIGN KEY (`car_id`) REFERENCES `cars` (`id`) ON DELETE CASCADE,
  ADD CONSTRAINT `users_has_cars_user_id_foreign` FOREIGN KEY (`user_id`) REFERENCES `users` (`id`) ON DELETE CASCADE;
COMMIT;

/*!40101 SET CHARACTER_SET_CLIENT=@OLD_CHARACTER_SET_CLIENT */;
/*!40101 SET CHARACTER_SET_RESULTS=@OLD_CHARACTER_SET_RESULTS */;
/*!40101 SET COLLATION_CONNECTION=@OLD_COLLATION_CONNECTION */;
